Acc mean,Acc std,New observation,Normality,Time
1.0,0.0,1.0,True,2004-02-19 11:26:53
1.0,0.0,1.0,True,2004-02-19 12:16:18
1.0,0.0,1.0,True,2004-02-19 12:48:29
1.0,0.0,1.0,True,2004-02-19 14:11:51
1.0,0.0,1.0,True,2004-02-19 14:36:16
1.0,0.0,0.851851851851852,False,2004-02-19 15:01:30
0.9753086419753086,0.055211554999994764,0.7571428571428572,False,2004-02-19 16:24:30
0.9441421012849585,0.0918747063703307,0.7916666666666666,False,2004-02-19 16:56:35
0.925082671957672,0.09964273373296202,0.8174603174603174,False,2004-02-19 17:41:38
0.913124632569077,0.09984711308328978,0.72,False,2004-02-20 10:18:41
0.8938121693121694,0.11103712228532052,0.6363636363636364,False,2004-02-20 12:10:01
0.8704077572259391,0.12917456153145537,0.6666666666666666,False,2004-02-20 12:21:02
0.8534293330126664,0.1358914916800572,0.6923076923076923,False,2004-02-20 12:35:28
0.8410353606507452,0.13743843826741836,0.7142857142857144,True,2004-02-20 12:43:34
0.8319818144818145,0.13640254374262695,0.7333333333333333,True,2004-02-20 13:12:00
0.8254052490719157,0.13405519007644368,0.6769323671497585,False,2004-02-20 13:26:46
0.8161256939517809,0.13468211280899103,0.6954248366013073,True,2004-02-20 13:28:01
0.8090256435194001,0.13371173096536487,0.7119341563786007,True,2004-02-20 15:06:42
0.8036316720115778,0.13183388266251808,0.726759427303892,True,2004-02-20 15:30:19
0.7995857643953839,0.12946070957057204,0.7000000000000001,True,2004-02-20 15:35:37
0.7946064761756146,0.12803571559813035,0.7142857142857143,True,2004-02-20 15:42:02
0.7907816779903813,0.12611542397660344,0.6721763085399449,True,2004-02-20 15:55:32
0.7853905248335433,0.12566819902413137,0.6521739130434784,False,2004-02-20 16:23:48
0.7795984982339752,0.12587260449067986,0.6159340659340659,False,2004-02-20 17:22:15
0.7727791468881456,0.12748855341469656,0.6,False,2004-02-20 17:25:48
0.7658679810126199,0.12942001055446506,0.6153846153846154,False,2004-02-20 17:50:41
0.7600801592576967,0.13016450401338922,0.5842355175688508,False,2004-02-23 10:31:20
0.7535673947507023,0.13197767123167636,0.5714285714285714,False,2004-02-23 11:10:59
0.747062436774912,0.13393476551379466,0.5862068965517241,False,2004-02-23 11:26:02
0.7415156940085952,0.13483845763790744,0.6,False,2004-02-23 12:04:11
0.7367985042083087,0.13498395155836115,0.6129032258064515,True,2004-02-23 12:16:10
0.7328018823243778,0.13458117741883002,0.625,True,2004-02-23 12:22:13
0.729433073501741,0.13378305370531385,0.6363636363636364,True,2004-02-23 12:32:54
0.7266127875278591,0.13270295061687878,0.6101499423298732,True,2004-02-23 13:08:10
0.7231874097279183,0.1322094013573567,0.5999999999999999,True,2004-02-23 13:09:42
0.7196677694499778,0.13191324421686745,0.6111111111111112,True,2004-02-23 13:19:16
0.7166523067183426,0.13128593047935397,0.587611534979956,True,2004-02-23 14:59:07
0.7131647182929808,0.131179402549992,0.5983379501385042,True,2004-02-23 15:24:40
0.7101429612362841,0.13074035410355064,0.6085226103067316,True,2004-02-23 15:29:21
0.7075373112124493,0.1300490475438907,0.6182053494391717,True,2004-02-23 16:19:12
0.7053040121681173,0.12916831367689005,0.5965381589299764,True,2004-02-23 16:36:50
0.7026511864793823,0.12868183531166827,0.605952380952381,True,2004-02-23 17:09:08
0.7003488339668346,0.12799252475929201,0.5855353948377204,True,2004-02-23 17:19:46
0.6976787539870878,0.12767356570186886,0.5661157024793387,False,2004-02-23 17:40:09
0.694688684634639,0.1277282846845447,0.5596942822121277,False,2004-02-24 11:20:02
0.6916888090252498,0.12785905168863335,0.5689981096408318,True,2004-02-24 12:27:21
0.6890216199081972,0.12772107328927187,0.5628166160081055,True,2004-02-24 12:31:14
0.686336407059259,0.12766076669271484,0.5732600732600733,True,2004-02-24 13:41:15
0.6839806501051094,0.12735217169302615,0.5818070818070818,True,2004-02-24 13:47:09
0.6818954752418845,0.1268711397345057,0.5900207900207901,True,2004-02-24 13:59:40
0.6800579815374626,0.12625293322595535,0.5900207900207901,True,2004-02-24 14:06:48
0.6782925464096846,0.12563079259444856,0.5900207900207901,True,2004-02-24 14:30:09
0.6765950126329751,0.1250061503972564,0.5900207900207901,True,2004-02-24 15:52:15
0.6749615367346319,0.12438024749496829,0.5900207900207901,True,2004-02-24 15:52:48
0.6733885599436348,0.12375415869370787,0.5885964912280702,True,2004-02-24 16:07:02
0.671846885966988,0.1231461755259409,0.6047999999999999,True,2004-02-24 16:29:24
0.670649620146149,0.12236427919182322,0.6220374220374221,True,2004-02-24 17:05:21
0.6697967745652942,0.12145395699289037,0.6220374220374221,True,2004-02-24 17:57:15
0.6689733374527447,0.12056277933070002,0.606697108066971,True,2004-02-24 17:58:45
0.6679178081411214,0.11980668414884131,0.631018711018711,True,2004-02-25 10:04:27
0.6673028231890813,0.11889797471057895,0.6399999999999999,True,2004-02-25 10:40:53
0.6668552359236866,0.11797033019426466,0.6399999999999999,True,2004-02-25 10:49:15
0.6664220869571755,0.11706398157897527,0.6399999999999999,True,2004-02-25 11:34:39
0.666002688751506,0.11617812977922606,0.64,True,2004-02-25 13:05:57
0.6655963967397638,0.11531201686853407,0.64,True,2004-02-25 14:18:25
0.6652026060206905,0.11446492340767261,0.6478571428571428,True,2004-02-25 14:37:00
0.664939795972758,0.11361421442142489,0.6238756677999028,True,2004-02-25 14:49:15
0.6643268985373422,0.11287303764024928,0.6238756677999028,True,2004-02-25 14:56:22
0.6637320274970857,0.11214577270059065,0.6238756677999028,True,2004-02-25 15:25:02
0.6631543990956772,0.11143200708436359,0.6161243322000971,True,2004-02-25 16:15:01
0.6624825409971689,0.11077387466994656,0.6161243322000971,True,2004-02-25 16:16:47
0.6618296084789002,0.11012658570413557,0.64,True,2004-02-25 17:58:48
0.6615264194722489,0.10938897972293671,0.6560324708269912,True,2004-02-25 17:59:51
0.661451159901766,0.10863903343193967,0.68,True,2004-02-26 10:47:07
0.6617018199030934,0.10792374057661645,0.6960000000000001,True,2004-02-26 11:34:24
0.6621591289710522,0.10727399063536938,0.6960000000000001,True,2004-02-26 11:36:03
0.6626044035898541,0.10663565095095946,0.72,True,2004-02-26 12:22:10
0.66334980094583,0.10614005621374083,0.7360361377752683,True,2004-02-26 12:32:38
0.6642816770590279,0.10577403084817741,0.7360361377752683,True,2004-02-26 12:43:14
0.6651899613718917,0.10540812101682931,0.7365333333333333,True,2004-02-26 13:38:36
0.6660817535214097,0.1050467240916737,0.72,True,2004-02-26 14:13:20
0.666747410885343,0.10456591196889867,0.6964992389649924,True,2004-02-26 14:19:03
0.667110238057046,0.10397764781604597,0.6964992389649924,True,2004-02-26 14:25:42
0.6674643224053345,0.10339910449779222,0.7035007610350077,True,2004-02-26 14:37:31
0.6678933276271163,0.10285607572843093,0.7035007610350077,True,2004-02-26 14:56:24
0.6683122386083856,0.10232130750246879,0.6869841269841269,True,2004-02-26 15:17:56
0.6685293535894989,0.10174436918509558,0.7091792132102962,True,2004-02-26 15:56:39
0.6689965933552552,0.10125069891578746,0.7079943899018233,True,2004-02-26 16:16:19
0.6694397501341934,0.10075858843886618,0.6905882352941177,True,2004-02-26 16:59:00
0.6696773735629566,0.10021572404253963,0.6730710085933967,True,2004-02-26 17:13:49
0.6697150806188504,0.0996580497129339,0.6958823529411765,True,2004-02-27 10:05:36
0.6700026330619528,0.0991465016706136,0.6782994120307554,True,2004-02-27 10:18:54
0.6700928154420486,0.09860994242404683,0.7011764705882354,True,2004-02-27 11:25:33
0.6704270482930829,0.09813072874678913,0.7011764705882354,True,2004-02-27 11:40:26
0.6707541698068611,0.09765832650389435,0.7011764705882354,True,2004-02-27 12:12:19
0.6710744045519281,0.09719257905654564,0.7011764705882354,True,2004-02-27 13:33:51
0.6713879677398064,0.09673333462883926,0.7011764705882354,True,2004-02-27 14:39:28
0.671695065707316,0.0962804461226601,0.6811407199625995,True,2004-02-27 14:40:06
0.6717914499344108,0.09579266341114745,0.6638235294117646,True,2004-02-27 14:59:12
0.6717109658887274,0.09531096442805083,0.6638235294117646,True,2004-02-27 14:59:12
0.6716320915239576,0.09483645942452451,0.6638235294117646,True,2004-02-27 15:19:36
0.6682703268180752,0.08891010897246196,0.6638235294117646,True,2004-02-27 15:38:01
0.6649085621121928,0.0824224362351369,0.6638235294117646,True,2004-02-27 15:39:25
0.6615467974063105,0.07522835627939721,0.6404522840343735,True,2004-02-27 16:01:39
0.6579513202466544,0.06712169704334844,0.6171122994652407,True,2004-02-27 16:06:48
0.6541224432413069,0.057769950474539554,0.6198529411764705,True,2004-02-27 16:20:25
0.6518024541345531,0.054339300932182186,0.6228571428571429,True,2004-02-27 17:13:35
0.650459596991696,0.05337011022924794,0.6228571428571429,True,2004-02-27 17:59:47
0.6487715017536008,0.051514498831200684,0.6228571428571429,True,2004-03-01 11:07:38
0.646825470007569,0.04870434195015893,0.6228571428571429,True,2004-03-01 11:18:37
0.6458540414361404,0.048201337533271736,0.6393783389995142,True,2004-03-01 11:20:56
0.6458841884624992,0.048196334927972144,0.6174603174603175,True,2004-03-01 11:46:50
0.6453921249704357,0.04823281688263153,0.6174603174603175,True,2004-03-01 12:16:32
0.644643651221962,0.04807947135320195,0.6199584199584198,True,2004-03-01 13:21:57
0.643700378278689,0.047627085137613094,0.6199584199584198,True,2004-03-01 13:38:46
0.64256662914494,0.04682253721380019,0.6099792099792101,True,2004-03-01 14:07:20
0.6418970975732344,0.04680503261407756,0.6352,True,2004-03-01 14:17:22
0.6412948492072214,0.046498867702504096,0.6352,True,2004-03-01 14:20:34
0.6405275076434352,0.04595680840997912,0.6352,True,2004-03-01 15:51:07
0.6396119133703962,0.04513440273286377,0.6605263157894739,True,2004-03-01 16:05:37
0.6392171765282911,0.04477572338997384,0.6605263157894739,True,2004-03-01 16:19:22
0.6386795825433286,0.044190093215028765,0.6352,True,2004-03-01 16:32:11
0.6383098194579293,0.04406277773853393,0.6199584199584198,True,2004-03-02 10:07:36
0.6379876645270787,0.04407800138348366,0.6199584199584198,True,2004-03-02 11:30:34
0.6380279080673222,0.04405968123929182,0.6199584199584198,True,2004-03-02 11:32:49
0.6382274922669064,0.04393198747087015,0.6199584199584198,True,2004-03-02 11:37:59
0.6382732303126446,0.04391055739750289,0.6199584199584198,True,2004-03-02 13:09:59
0.6386304593365402,0.04361379388658118,0.6199584199584198,True,2004-03-02 13:17:36
0.6391157578218387,0.04313065053674454,0.6199584199584198,True,2004-03-02 13:37:36
0.6394532730559057,0.042846419443410715,0.5967999999999999,True,2004-03-02 13:41:35
0.6394212730559057,0.04287705732202552,0.6114035087719298,True,2004-03-02 13:44:32
0.6394062758855604,0.042886591174126035,0.6114035087719298,True,2004-03-02 13:46:08
0.6392703109732797,0.042953548839304856,0.6114035087719298,True,2004-03-02 14:14:54
0.6390207096973626,0.04304214395415307,0.625793337097685,True,2004-03-02 14:43:06
0.6391771436450406,0.04296528955290631,0.64,True,2004-03-02 14:48:37
0.6395771436450406,0.04278451111616267,0.6540566606389392,True,2004-03-02 14:50:58
0.640006599140319,0.042712098677870666,0.6531513970110461,True,2004-03-02 16:11:11
0.6406619977606298,0.04240482585441888,0.6520481927710843,True,2004-03-02 17:23:18
0.6411991001869556,0.042205023172890085,0.6661246612466124,True,2004-03-02 17:26:07
0.6417751206963545,0.04214816113935937,0.6661246612466124,True,2004-03-02 17:29:23
0.6422543138144289,0.042149869768054106,0.6661246612466124,True,2004-03-03 11:08:11
0.6429501788375953,0.041963383562632246,0.6789510985116938,True,2004-03-03 11:11:04
0.6436801660131884,0.041948360759847585,0.6789510985116938,True,2004-03-03 11:24:11
0.6446143230499282,0.041682425117928246,0.6789510985116938,True,2004-03-03 11:24:54
0.6457426770102517,0.04106484126632151,0.6916666666666668,False,2004-03-03 13:03:00
0.647062400854797,0.04039339528918815,0.6649184975194897,True,2004-03-03 13:52:43
0.6480216047335837,0.03966048886689533,0.6775,True,2004-03-03 14:58:15
0.6491684385735026,0.03882949917449989,0.7043137254901961,False,2004-03-03 15:06:09
0.6504789750958038,0.03845519116597753,0.6900392156862745,False,2004-03-03 15:10:44
0.6515612964345956,0.03802791271169974,0.6633333333333333,True,2004-03-03 16:09:07
0.6522944218677211,0.03753795601173211,0.6714363143631437,True,2004-03-03 16:37:18
0.6531085771111448,0.03705832377519702,0.657699805068226,True,2004-03-03 16:42:43
0.653785367261619,0.03651398938847293,0.657699805068226,True,2004-03-03 17:33:43
0.6544621574120932,0.03594867718400966,0.6697855750487329,True,2004-03-04 10:11:06
0.6552598052623728,0.03539056826550176,0.6957181571815717,False,2004-03-04 11:05:50
0.656331021921908,0.03497532880536353,0.6697855750487329,True,2004-03-04 11:07:50
0.6569808776723951,0.03461368371528974,0.6697855750487329,True,2004-03-04 11:25:37
0.6574583592025084,0.03445733976328378,0.644,True,2004-03-04 11:27:42
0.6576779849821343,0.03430050837097038,0.657699805068226,True,2004-03-04 11:35:00
0.6581880119521466,0.03391569332400033,0.657699805068226,True,2004-03-04 12:10:58
0.6584548228926417,0.03380567614909028,0.632,True,2004-03-04 13:50:30
0.6583748228926417,0.03385867852648704,0.657699805068226,True,2004-03-04 14:23:15
0.6585518209433241,0.03380838651248122,0.644,True,2004-03-04 14:47:02
0.6585918209433239,0.03378877406627615,0.644,True,2004-03-04 15:11:56
0.6586318209433242,0.03376910284900074,0.644,True,2004-03-04 16:17:53
0.6586718209433242,0.033749372757888765,0.6737793851717901,True,2004-03-04 16:38:28
0.6589310433664706,0.03376486010091493,0.6591142191142191,True,2004-03-04 17:11:51
0.6592834288796137,0.033580547107766104,0.6617543859649122,True,2004-03-04 17:26:33
0.6596622160612636,0.03339211920753624,0.6464000000000002,True,2004-03-04 17:27:53
0.6598874593832647,0.03322551706144141,0.6464000000000002,True,2004-03-04 17:55:51
0.6601902160612637,0.03296225606647264,0.6480974124809741,True,2004-03-04 17:56:19
0.6605099468640726,0.03268719068664519,0.6560324708269912,True,2004-03-05 10:36:08
0.6606702715723425,0.03262545983869005,0.6560324708269912,True,2004-03-05 10:41:26
0.6606702715723424,0.03262545983869005,0.64,True,2004-03-05 10:50:11
0.6602702715723423,0.03263122502977557,0.64,True,2004-03-05 11:05:53
0.6597102715723423,0.032493475515938196,0.64,True,2004-03-05 11:41:42
0.6591502715723423,0.032345445664975755,0.64,True,2004-03-05 12:08:58
0.6583502715723424,0.03181553535274311,0.64,True,2004-03-05 14:13:25
0.6573899101945898,0.030892108739879926,0.6238756677999028,False,2004-03-05 14:50:55
0.6562683054948362,0.030040708024283252,0.6478571428571428,True,2004-03-05 15:25:35
0.6553815435900742,0.028947202309627947,0.6478571428571428,True,2004-03-05 15:45:12
0.6546601150186457,0.02821756154147162,0.6719025875190259,True,2004-03-05 15:49:53
0.654414148504186,0.027957792929231534,0.6719025875190259,True,2004-03-05 16:08:49
0.6541681819897264,0.02769340341215519,0.6719025875190259,True,2004-03-05 16:12:15
0.6538522002545665,0.027306277775149095,0.6719025875190259,True,2004-03-05 17:11:12
0.6535362185194067,0.026909874217560453,0.6704031083050025,True,2004-03-05 17:39:15
0.6533704083326154,0.026753899366085535,0.6537142857142858,True,2004-03-05 17:42:47
0.6528157590576553,0.02615948109137879,0.6537142857142858,True,2004-03-05 17:49:24
0.65227295801578,0.025565310060359146,0.6557142857142857,True,2004-03-08 11:11:39
0.6519242185199816,0.0252764966298832,0.6719025875190259,True,2004-03-08 11:33:56
0.6519125343092379,0.025266986965885835,0.6719025875190259,True,2004-03-08 11:40:15
0.6516727366550166,0.024960482771519476,0.6478571428571428,True,2004-03-08 11:48:30
0.6513683139632804,0.024819121986015755,0.6478571428571428,True,2004-03-08 12:06:09
0.6508351206859696,0.02431088808841352,0.6719025875190259,True,2004-03-08 14:49:01
0.6505423818552774,0.02387528952938931,0.6478571428571428,True,2004-03-08 14:54:07
0.6500091885779663,0.023327647774857144,0.6719025875190259,True,2004-03-08 15:31:59
0.6497164497472744,0.02286275915924284,0.6478571428571428,True,2004-03-08 15:39:33
0.6491832564699633,0.022270489309266832,0.6468571428571428,True,2004-03-08 15:41:27
0.6488404206989088,0.022038567807932063,0.6537142857142858,True,2004-03-08 17:13:03
0.6487393282619339,0.02199274565575828,0.6605714285714288,True,2004-03-08 17:40:10
0.6487068072535307,0.02197281180452199,0.64712967459932,True,2004-03-08 17:46:38
0.6485398687054061,0.0219206822590924,0.6635714285714286,True,2004-03-08 17:53:33
0.6485373476970028,0.02191893882976072,0.6635714285714286,True,2004-03-08 17:54:09
0.6485348266885995,0.021917194971768843,0.6635714285714286,True,2004-03-09 10:01:12
0.6487660181339701,0.021952624101696138,0.64712967459932,True,2004-03-09 10:38:29
0.649066191885311,0.021721758626212093,0.6674285714285714,True,2004-03-09 10:53:43
0.649541948187832,0.021597362880943657,0.6503786816269285,True,2004-03-09 12:02:44
0.6498171635755297,0.02143027187822522,0.6503786816269285,True,2004-03-09 12:40:42
0.6500923789632276,0.021258305085751474,0.6330882352941177,True,2004-03-09 13:19:17
0.6501946898875972,0.021151333190966876,0.6330882352941177,True,2004-03-09 13:35:21
0.6502970008119671,0.02104332011212148,0.6397058823529411,True,2004-03-09 13:49:21
0.6503002762455012,0.02104164577111628,0.6397058823529411,True,2004-03-09 14:21:48
0.6505227318944276,0.020809592815112406,0.6397058823529411,True,2004-03-09 14:45:18
0.6507451875433538,0.02057251750449958,0.6219810040705562,False,2004-03-09 15:11:50
0.6507654133844751,0.020543212974449075,0.603921568627451,False,2004-03-09 15:25:31
0.6506050448711655,0.02084347933359935,0.5930529172320217,False,2004-03-09 16:44:32
0.6504357819436934,0.021237699266700372,0.6109558823529412,False,2004-03-09 16:45:48
0.6501933407672229,0.021546378503622326,0.5931182795698925,False,2004-03-10 10:14:24
0.6497725235629218,0.02223503908103361,0.5931182795698925,False,2004-03-10 10:40:21
0.6493517063586208,0.022895268616243712,0.5676470588235294,False,2004-03-10 10:57:51
0.6484229137889613,0.02426599358570577,0.5577372604020571,False,2004-03-10 12:19:07
0.6473950232350874,0.025856446770834686,0.5577372604020571,False,2004-03-10 12:21:32
0.6466203958391078,0.0273286251109638,0.574857142857143,False,2004-03-10 12:23:27
0.646169383068095,0.02812545774103767,0.5916075764934434,False,2004-03-10 12:52:33
0.6458858746334453,0.02852824490931588,0.5916075764934434,False,2004-03-10 13:38:17
0.6456023661987955,0.028922644899868413,0.5916075764934434,False,2004-03-10 13:46:27
0.6453188577641457,0.029308996303811324,0.5916075764934434,False,2004-03-10 14:23:45
0.6450353493294959,0.029687613353126453,0.5916075764934434,False,2004-03-10 14:59:40
0.6447518408948463,0.03005878831236555,0.608015873015873,False,2004-03-10 15:52:58
0.6446324154254208,0.03018053459612002,0.608015873015873,False,2004-03-10 16:05:10
0.6447445741555795,0.030022997869181025,0.608015873015873,False,2004-03-10 17:51:45
0.6447106977980189,0.030062484293720264,0.608015873015873,False,2004-03-11 10:09:08
0.6446768214404582,0.030101880797589766,0.608015873015873,False,2004-03-11 10:59:48
0.6446429450828977,0.030141187733386126,0.608015873015873,False,2004-03-11 11:07:30
0.6444651704420796,0.03030382716797297,0.608015873015873,False,2004-03-11 11:39:44
0.6441453291722383,0.030517302927132263,0.6148856548856547,True,2004-03-11 11:40:00
0.6437536191147055,0.030638721932488053,0.6304000000000001,True,2004-03-11 11:43:45
0.643526105144595,0.03065256152739027,0.6039085239085239,False,2004-03-11 12:09:24
0.6430447084559695,0.030892022482729386,0.5775748351090817,False,2004-03-11 12:13:17
0.642159210194594,0.03148125071935598,0.5775748351090817,False,2004-03-11 13:40:07
0.6412737119332189,0.0320351841932374,0.5775748351090817,False,2004-03-11 14:21:20
0.6403882136718435,0.032555624573835866,0.6039085239085239,False,2004-03-11 14:36:43
0.6396377879258118,0.032522949887315016,0.5775748351090817,False,2004-03-11 15:09:38
0.6386240252917857,0.032859964880166154,0.5619047619047618,False,2004-03-11 15:34:25
0.6374535619257164,0.03348138337697652,0.588310502283105,False,2004-03-11 16:15:16
0.6364200002818808,0.033387042082495294,0.588310502283105,False,2004-03-11 16:29:19
0.635653920329517,0.03360254893685626,0.6148856548856547,True,2004-03-11 16:54:20
0.6350277768783736,0.03339972311397196,0.6227192982456141,True,2004-03-11 17:09:28
0.6342118326059277,0.0326861637202408,0.6376284584980237,True,2004-03-11 17:34:17
0.633687725034045,0.03220342181055219,0.6248221343873517,True,2004-03-11 17:36:35
0.6333026130445852,0.03207661813727753,0.6391608391608392,True,2004-03-12 10:14:21
0.6329798582925622,0.03185289087138764,0.6120158102766798,True,2004-03-12 10:28:47
0.6325230183446467,0.03182266659996809,0.6120158102766798,True,2004-03-12 10:39:25
0.6320661783967314,0.031785848371954716,0.599209486166008,False,2004-03-12 11:33:41
0.6313604175079042,0.03172396809508912,0.6130536130536131,True,2004-03-12 12:26:15
0.6305337720666246,0.031107218026478756,0.6149999999999999,True,2004-03-12 13:26:13
0.6299859163161373,0.030892795402751413,0.6276543209876544,True,2004-03-12 13:36:34
0.6295646037755265,0.03063334031010706,0.655609756097561,True,2004-03-12 14:35:34
0.6296807013365021,0.030709733845547572,0.6679518072289157,False,2004-03-12 15:07:02
0.6297832213581089,0.030820014864249044,0.64,True,2004-03-12 15:19:27
0.6296062233074268,0.030709810437713893,0.6520481927710843,True,2004-03-12 16:09:23
0.6298067052351376,0.0307901182586641,0.624390243902439,True,2004-03-12 16:11:29
0.6294736096234796,0.030666489203146727,0.636144578313253,True,2004-03-12 16:23:16
0.6293950554066121,0.030639227264090973,0.6476190476190475,True,2004-03-12 17:43:44
0.6294312458828026,0.030658588233085333,0.6588235294117648,True,2004-03-12 17:56:29
0.6295794811769203,0.030764324079827463,0.6697674418604652,False,2004-03-15 10:33:50
0.629539361743807,0.030709223911183473,0.6423529411764706,True,2004-03-15 10:38:16
0.6293717489644295,0.030592866741731835,0.6697674418604652,False,2004-03-15 10:49:50
0.629451879523385,0.030687926662212636,0.6804597701149424,False,2004-03-15 11:06:11
0.6297924772245345,0.03106088371538095,0.7081818181818181,False,2004-03-15 11:28:35
0.6304102954063527,0.03198574037761873,0.6909090909090908,False,2004-03-15 12:18:00
0.6308384121906339,0.03250195386422412,0.7011235955056181,False,2004-03-15 12:49:18
0.6312893234374201,0.03315458261040488,0.6736363636363636,False,2004-03-15 13:12:38
0.6314653623655139,0.033331754275385005,0.6464367816091955,True,2004-03-15 13:36:09
0.6315297301816059,0.03335438102266446,0.6464367816091955,True,2004-03-15 14:26:51
0.6315940979976977,0.03337686829683119,0.636279069767442,True,2004-03-15 14:33:33
0.6315568886953722,0.03336954974961372,0.636279069767442,True,2004-03-15 15:41:44
0.6315196793930467,0.033362188096938666,0.6094117647058823,True,2004-03-15 16:31:25
0.6312137970401054,0.03342320258658433,0.599047619047619,True,2004-03-15 16:40:15
0.6309655165525826,0.03356869042131905,0.599047619047619,True,2004-03-15 16:47:02
0.6304774213144873,0.03367421849219593,0.599047619047619,True,2004-03-15 16:55:12
0.6299893260763921,0.03377236342921592,0.599047619047619,True,2004-03-15 17:35:55
0.629260776391678,0.03364592730841138,0.5725301204819276,False,2004-03-15 17:47:04
0.628267051721307,0.03383875541978013,0.5725301204819276,False,2004-03-16 10:07:47
0.627273327050936,0.034001460775023896,0.5725301204819276,False,2004-03-16 10:37:43
0.6262796023805651,0.034134474126171474,0.5725301204819276,False,2004-03-16 11:20:00
0.6253008725023343,0.034258220064516044,0.5725301204819276,False,2004-03-16 12:12:42
0.6244890308500107,0.03453608051451154,0.599047619047619,True,2004-03-16 12:38:45
0.623942364183344,0.03450178998235526,0.6258823529411763,True,2004-03-16 12:54:44
0.623644044855613,0.03435444080685019,0.599047619047619,True,2004-03-16 13:33:38
0.622915495170899,0.03409483525013127,0.599047619047619,True,2004-03-16 15:34:08
0.6221869454861848,0.03381754587532366,0.599047619047619,True,2004-03-16 15:42:00
0.6216988502480896,0.03379575218896355,0.6258823529411763,True,2004-03-16 15:43:29
0.6214791023489298,0.033696246543261636,0.636279069767442,True,2004-04-30 15:49:59
0.621122867171414,0.03334779212169035,0.636279069767442,True,2004-04-30 17:55:50
0.621007086440517,0.03327479111911507,0.636279069767442,True,2004-05-01 10:06:47
0.6206508512630012,0.032916768294686725,0.6094117647058823,True,2004-05-01 12:46:57
0.6202663974814886,0.032821139192589034,0.6094117647058823,True,2004-05-01 12:50:02
0.619891943699976,0.0327291080751587,0.6094117647058823,True,2004-05-01 13:18:33
0.619448918489892,0.03256773061456388,0.636279069767442,True,2004-05-01 13:52:17
0.6192059949018521,0.032349961314959354,0.636279069767442,True,2004-05-01 14:00:10
0.6190974888535333,0.032274228162607346,0.636279069767442,True,2004-05-01 15:15:40
0.6188245652654935,0.03201131159908682,0.636279069767442,True,2004-05-01 15:39:28
0.6185516416774536,0.03174387125928101,0.6634482758620689,False,2004-05-01 15:47:22
0.6185504101503599,0.03174212700025678,0.636279069767442,True,2004-05-01 15:50:43
0.6184419041020411,0.031662693553954895,0.636279069767442,True,2004-05-01 17:03:26
0.6181304090854298,0.0313307172432811,0.6094117647058823,True,2004-05-01 17:24:05
0.6177207399162193,0.03117381354485351,0.599047619047619,True,2004-05-01 17:50:46
0.6172074292904263,0.03105422042158961,0.6106233062330623,True,2004-05-01 17:58:10
0.6169827799998157,0.031019762176070553,0.6368532955350814,True,2004-05-02 10:01:25
0.6170204306022254,0.031041564794096973,0.6244986449864498,True,2004-05-02 10:04:59
0.6168683582285606,0.030967217481583844,0.6508858965272856,False,2004-05-02 11:00:08
0.6169801583703041,0.03106947800201596,0.6508858965272856,False,2004-05-02 12:36:58
0.6170919585120475,0.031171002061858837,0.657699805068226,False,2004-05-02 13:14:07
0.6174491465220242,0.031428565519611394,0.632,True,2004-05-02 14:25:56
0.6177299308357497,0.03143188207095003,0.632,True,2004-05-02 15:08:49
0.6181194016634294,0.031364921835261045,0.657699805068226,False,2004-05-02 15:13:19
0.6185868408905822,0.03160210033445089,0.644,True,2004-05-02 15:25:20
0.6190956580948833,0.03159755783289362,0.6302833031946956,True,2004-05-02 15:46:05
0.6194673083311314,0.03150826763221743,0.6165034965034966,True,2004-05-02 16:19:35
0.6199558727079311,0.031076787048347806,0.6421699819168174,True,2004-05-02 16:44:29
0.6208001999230787,0.03051683001409019,0.6165034965034966,True,2004-05-02 17:26:41
0.621387862284093,0.029855432340710808,0.6421699819168174,True,2004-05-02 17:34:15
0.6220609906746898,0.029556075938475437,0.6421699819168174,True,2004-05-03 10:10:37
0.6225666147289235,0.029463122375802623,0.6421699819168174,True,2004-05-03 10:13:45
0.6230722387831572,0.029361168641824798,0.6560000000000001,False,2004-05-03 10:43:48
0.6237161630182229,0.02937014999026474,0.6560000000000001,False,2004-05-03 11:55:53
0.6243600872532883,0.029365011834607022,0.6818713450292396,False,2004-05-03 12:34:58
0.6252627249386463,0.02972940200129433,0.6697855750487329,False,2004-05-03 12:39:09
0.625880421958975,0.030005067847822513,0.6697855750487329,False,2004-05-03 12:39:52
0.6264981189793035,0.030265619942972513,0.6697855750487329,False,2004-05-03 12:56:07
0.6271158159996323,0.03051144548025598,0.6697855750487329,False,2004-05-03 14:46:40
0.6277335130199608,0.030742897730028067,0.6957181571815717,False,2004-05-03 15:05:12
0.6286105358616179,0.031411587940100655,0.6957181571815717,False,2004-05-03 15:31:53
0.6294875587032749,0.03204234097048487,0.6957181571815717,False,2004-05-03 15:37:25
0.6303645815449318,0.032637356429241836,0.6957181571815717,False,2004-05-03 15:38:36
0.6311729065678909,0.033239412932937584,0.6957181571815717,False,2004-05-03 16:28:01
0.6318260881397068,0.03385390444074037,0.6957181571815717,False,2004-05-03 16:28:11
0.6327441844724372,0.03432596693386932,0.6957181571815717,False,2004-05-03 16:39:41
0.6339256176931621,0.034439757008231146,0.7242884990253411,False,2004-05-03 16:42:03
0.6353927543323247,0.03512612658856915,0.7095,False,2004-05-03 16:42:12
0.6367120059812339,0.03540613033041697,0.7095,False,2004-05-04 10:21:02
0.6377679207421486,0.035981930817619676,0.7095,False,2004-05-04 10:48:58
0.6390871723910577,0.03616879534650094,0.7095,False,2004-05-04 12:36:46
0.64056312477201,0.03600016304713556,0.7095,False,2004-05-04 12:56:46
0.641775019749179,0.03625965543240823,0.7095,False,2004-05-04 13:00:03
0.6429869147263481,0.03647706273622129,0.734762833008447,False,2004-05-04 13:45:42
0.644185686507576,0.037489604369713464,0.7095,False,2004-05-04 14:20:57
0.6450534935251199,0.037983797651073195,0.7095,False,2004-05-04 14:25:41
0.6457722089401396,0.03851278414587186,0.7095,False,2004-05-04 14:35:25
0.6466189875962661,0.038971024696177366,0.7095,False,2004-05-04 15:00:39
0.6473223792046577,0.03946175342713052,0.7095,False,2004-05-04 15:03:16
0.6482972211018909,0.03978033049136318,0.7095,False,2004-05-04 15:53:14
0.6492720629991241,0.04007266862852172,0.7095,False,2004-05-04 16:13:03
0.6503749681374642,0.04019718645911963,0.734762833008447,False,2004-05-04 16:32:53
0.6515920603370123,0.04088541020619597,0.734762833008447,False,2004-05-04 16:45:18
0.6527896886670969,0.04154475225082527,0.76,False,2004-05-04 17:58:51
0.6541131454572203,0.04281165195579704,0.7748547129695251,False,2004-05-07 10:39:48
0.65530559502594,0.04446547503434049,0.7478571428571429,False,2004-05-07 10:49:30
0.6561046483822223,0.04539381683656993,0.7217576187101347,False,2004-05-07 11:15:44
0.6569222245693234,0.04583055426572944,0.7357142857142859,False,2004-05-07 12:03:40
0.6577588854987556,0.046492838480008354,0.7095960311835577,False,2004-05-07 12:23:38
0.6586109433715666,0.046653984413093444,0.6835772357723577,True,2004-05-07 12:50:11
0.6590852699461578,0.046664280321150206,0.6508858965272856,True,2004-05-07 14:02:04
0.6591179384352402,0.046657384681964134,0.6775,True,2004-05-07 14:48:35
0.6593047031411226,0.04669319864190494,0.6775,True,2004-05-07 14:55:59
0.6593820287225178,0.04671685797899501,0.6649184975194897,True,2004-05-07 15:39:41
0.6596076842859481,0.04668854812089547,0.6835772357723577,True,2004-05-07 15:59:08
0.6597457822250671,0.04673879161725568,0.7033398310591292,True,2004-05-07 16:07:15
0.6599745828345089,0.0468953730139426,0.7239999999999999,False,2004-05-07 16:15:30
0.6601327646526908,0.04708401165643233,0.7286713286713287,False,2004-05-07 16:54:01
0.6605103870303131,0.04747910150794705,0.7365034965034966,False,2004-05-07 17:10:50
0.660864186040292,0.04791028184126998,0.7201806888763411,False,2004-05-07 17:37:46
0.6613296292926917,0.04825693378749063,0.7281084133258047,False,2004-05-08 11:01:38
0.6621463456098577,0.04868717206693876,0.7281084133258047,False,2004-05-08 12:13:33
0.6629630619270237,0.04910005843271166,0.7281084133258047,False,2004-05-08 12:49:00
0.6638813553626073,0.049449886642689525,0.7281084133258047,False,2004-05-08 12:50:14
0.664799648798191,0.04978032055126118,0.7281084133258047,False,2004-05-08 13:34:15
0.6659866152843901,0.04986053794700628,0.7521678321678321,False,2004-05-08 13:35:37
0.6675178174155922,0.05013175035505443,0.7281084133258047,False,2004-05-08 13:37:20
0.6688084253583741,0.05001357063119548,0.7281084133258047,False,2004-05-08 13:44:04
0.670099033301156,0.04986171640825969,0.7281084133258047,False,2004-05-08 14:56:56
0.6713896412439379,0.0496758788684197,0.7281084133258047,False,2004-05-08 15:32:21
0.6729454241723767,0.04898684132949673,0.7040350877192983,True,2004-05-08 15:56:41
0.6742604738447504,0.04802930987889202,0.68,True,2004-05-08 16:13:40
0.6753351726399311,0.046930783112940834,0.68,True,2004-05-08 16:38:38
0.676409871435112,0.045780697294213676,0.68,True,2004-05-08 16:41:18
0.6774845702302931,0.044575061759847615,0.68,True,2004-05-08 17:26:08
0.6782940940398167,0.04387277655741628,0.68,True,2004-05-08 17:33:00
0.6788352705104049,0.04355556044853742,0.6526315789473685,True,2004-05-08 17:42:21
0.6793711101094024,0.04289528369373703,0.6679841897233202,True,2004-05-09 10:42:31
0.6800604758161591,0.04214627059994509,0.6679841897233202,True,2004-05-09 11:05:46
0.6807498415229161,0.041372218186194756,0.6679841897233202,True,2004-05-09 11:24:00
0.6811708598907373,0.04102448521073815,0.6526315789473685,True,2004-05-09 12:20:03
0.6813343849825366,0.040877546693916585,0.6526315789473685,True,2004-05-09 12:36:51
0.6814979100743358,0.040729421548915866,0.6282666666666668,False,2004-05-09 13:09:32
0.6814177860433281,0.0408260649268235,0.6282666666666668,False,2004-05-09 13:15:55
0.6816063350629359,0.040535586470382384,0.6526315789473685,True,2004-05-09 13:56:30
0.6820385332053508,0.03999027107050802,0.6526315789473685,True,2004-05-09 14:07:01
0.6824707313477657,0.039432679336040055,0.6526315789473685,True,2004-05-09 15:14:18
0.682634256439565,0.039274374766857106,0.6526315789473685,True,2004-05-09 15:49:49
0.6827977815313642,0.03911474589109365,0.6771315640880858,True,2004-05-09 16:32:53
0.6832063064745708,0.038839124710206875,0.6771315640880858,True,2004-05-09 16:38:51
0.6836148314177772,0.03855720535939726,0.6771315640880858,True,2004-05-09 17:09:55
0.6837516643000374,0.0385096454127006,0.6771315640880858,True,2004-05-10 10:07:50
0.684160189243244,0.03821946731881949,0.6771315640880858,True,2004-05-10 11:23:01
0.6845687141864504,0.037922668540046695,0.6526315789473685,True,2004-05-10 11:57:24
0.6850009123288652,0.03730490757909055,0.6526315789473685,True,2004-05-10 12:16:03
0.6855367519278627,0.036441282312582514,0.6771315640880858,True,2004-05-10 12:17:44
0.6862018345064129,0.035666664409734046,0.7017249417249418,True,2004-05-10 13:11:42
0.6868505509683116,0.03535176095557024,0.6771315640880858,True,2004-05-10 13:12:27
0.6873768801593279,0.034807139576623285,0.6862789384528515,True,2004-05-10 13:38:19
0.6877308105785838,0.03461369432262943,0.7108624708624709,True,2004-05-10 13:54:30
0.6883305763219356,0.03448946760786467,0.735455093429777,False,2004-05-10 14:48:48
0.689108129205551,0.03466617295055267,0.735455093429777,False,2004-05-10 15:57:26
0.6901426801398487,0.03448971264183584,0.735455093429777,False,2004-05-10 16:43:41
0.6911772310741466,0.03428113793216146,0.7510000000000001,False,2004-05-10 16:50:00
0.6921102330234643,0.03462522464311518,0.7495934959349594,False,2004-05-10 16:51:20
0.6931661679828138,0.0347518127999334,0.7495934959349594,False,2004-05-10 16:53:43
0.6943592699102166,0.034620267001151575,0.7478571428571429,False,2004-05-10 17:09:15
0.6956728063737531,0.034129789316092396,0.7456478405315616,False,2004-05-10 17:51:59
0.6967075849599005,0.034060552992876525,0.7584084880636606,False,2004-05-11 10:25:13
0.6981266348755021,0.033642987737484774,0.7712121212121213,False,2004-05-11 11:45:37
0.6994170562684551,0.03394538038614938,0.78414708886619,False,2004-05-11 11:47:43
0.7008368273379488,0.03448612197236037,0.78414708886619,False,2004-05-11 11:49:56
0.7022565984074426,0.03496090485163557,0.78414708886619,False,2004-05-11 12:15:52
0.7035380692961044,0.03558491949857545,0.7568181818181818,False,2004-05-11 12:59:55
0.7045462511142863,0.035651915638871684,0.7296198054818746,True,2004-05-11 13:36:12
0.7050237357188125,0.035664778350639595,0.7296198054818746,True,2004-05-11 13:50:16
0.7056220780231439,0.03557036390158089,0.7568181818181818,False,2004-05-11 14:53:58
0.7064924040908384,0.03574718424729916,0.7568181818181818,False,2004-05-11 15:39:09
0.7073627301585327,0.03590204228454978,0.7568181818181818,False,2004-05-11 15:43:11
0.7082330562262272,0.036035221157426404,0.7568181818181818,False,2004-05-11 16:20:31
0.7088440564725933,0.036334594532902824,0.78414708886619,False,2004-05-11 16:24:16
0.7097283457894396,0.037072946562544694,0.78414708886619,False,2004-05-11 16:44:44
0.7106126351062858,0.037776183483728985,0.78414708886619,False,2004-05-11 17:04:08
0.7114969244231321,0.03844623226236411,0.78414708886619,False,2004-05-11 17:42:33
0.7123812137399784,0.03908479981469982,0.7568181818181818,False,2004-05-14 10:18:19
0.7129922139863445,0.039296540840578396,0.7296198054818746,True,2004-05-14 10:19:19
0.7133312304693474,0.039292289669399204,0.7568181818181818,False,2004-05-14 10:35:40
0.7136565272972757,0.03951567716073954,0.7568181818181818,False,2004-05-14 10:57:07
0.7141297091154574,0.03974570866718601,0.7568181818181818,False,2004-05-14 11:56:32
0.7146028909336393,0.03996881498588296,0.7568181818181818,False,2004-05-14 12:05:15
0.7150760727518211,0.04018511146218886,0.7787798408488064,False,2004-05-14 12:34:13
0.7157688711603092,0.04067719248446171,0.7854117647058823,False,2004-05-14 13:36:06
0.7165279888073681,0.04125731532193565,0.7952941176470588,False,2004-05-14 14:08:48
0.7173859299838388,0.04198782095761204,0.7797619047619048,False,2004-05-14 16:10:44
0.7178359207013735,0.04241064337911523,0.7826558265582656,False,2004-05-14 16:35:17
0.7185674789669559,0.042888795979231176,0.7667056530214424,False,2004-05-14 16:43:54
0.7191395354971705,0.043144782049967446,0.7684629294755877,False,2004-05-14 17:01:18
0.7197291647919264,0.04341109674868223,0.7684629294755877,False,2004-05-14 17:44:55
0.7203187940866823,0.043667826809874966,0.7684629294755877,False,2004-05-15 11:20:15
0.7209084233814381,0.043915140330648535,0.7699378881987577,False,2004-05-15 11:40:59
0.7215128022634256,0.04416912540893001,0.7463157894736843,True,2004-05-15 12:41:50
0.7218809601581626,0.044220865060711455,0.7226666666666667,True,2004-05-15 12:51:48
0.7217599984947447,0.0442020024643624,0.6990436590436591,True,2004-05-15 13:01:21
0.7214028067550967,0.04423979000455688,0.6990436590436591,True,2004-05-15 13:02:47
0.7207932433455333,0.04412356891386945,0.6990436590436591,True,2004-05-15 13:14:09
0.7200351328062746,0.04383855177011709,0.6990436590436591,True,2004-05-15 14:18:36
0.7195469979681397,0.04379778673581115,0.7016666666666667,True,2004-05-15 14:23:57
0.7193460884477051,0.043833251674431466,0.7077777777777777,True,2004-05-15 14:28:36
0.7190667233683401,0.04381706273595326,0.7016666666666667,True,2004-05-15 15:19:40
0.7189874297231712,0.043841297642199475,0.684701311316173,True,2004-05-15 16:34:49
0.7189986704786095,0.043832360344786214,0.684701311316173,True,2004-05-15 16:41:25
0.7193368246264983,0.04343421524408128,0.6678095238095239,False,2004-05-15 16:49:33
0.7192399198645936,0.04353813376435477,0.6678095238095239,False,2004-05-15 17:12:16
0.7191430151026887,0.04364158966434146,0.6678095238095239,False,2004-05-15 17:40:48
0.7191719253655892,0.043606602743616725,0.6694117647058824,False,2004-05-15 17:49:21
0.7190302706549242,0.043744790014342984,0.6678095238095239,False,2004-05-16 10:31:07
0.7186749675824283,0.04401424954776066,0.6678095238095239,False,2004-05-16 10:34:45
0.7181130628205235,0.044300426637796174,0.6678095238095239,False,2004-05-16 11:13:49
0.7175044447719056,0.04456845380932803,0.6678095238095239,False,2004-05-16 11:20:52
0.7168175050449657,0.044799122768122764,0.6678095238095239,False,2004-05-16 11:33:36
0.7162937933942977,0.04506208871205581,0.6448994857410005,False,2004-05-16 11:57:34
0.7154617041184496,0.04560126188760441,0.6448994857410005,False,2004-05-16 13:15:59
0.7146296148426015,0.0461191238778949,0.6448994857410005,False,2004-05-16 14:04:39
0.7137975255667536,0.04661638492699092,0.6509396914446003,False,2004-05-16 14:47:32
0.7130258383479416,0.047010157418567185,0.6747058823529412,True,2004-05-16 15:29:53
0.7124918130382131,0.047138933665092544,0.6747058823529412,True,2004-05-16 15:33:01
0.7117171935400638,0.047117034418062274,0.6747058823529412,True,2004-05-16 15:38:06
0.7111831682303352,0.047230725169307854,0.652157394843962,False,2004-05-16 16:01:50
0.7104236580455168,0.04756196299902922,0.652157394843962,False,2004-05-16 16:42:24
0.7096641478606984,0.047878863156738324,0.652157394843962,False,2004-05-17 10:20:09
0.7089046376758801,0.04818170854796078,0.652157394843962,False,2004-05-17 10:37:27
0.7083858607471268,0.04850951741278489,0.6747058823529412,True,2004-05-17 10:41:37
0.7083329195706561,0.04854334470754864,0.6573857982813206,False,2004-05-17 11:35:20
0.7081067775534693,0.04872713539237334,0.6348663101604278,False,2004-05-17 11:55:47
0.7076554406550736,0.049192192162435075,0.6573857982813206,False,2004-05-17 12:24:51
0.7074292986378867,0.04937046450054514,0.68,True,2004-05-17 12:54:14
0.7074292986378868,0.04937046450054515,0.6573857982813206,False,2004-05-17 13:13:50
0.7074768408312265,0.049319936366402695,0.6573857982813206,False,2004-05-17 13:49:20
0.7073708569168065,0.04941598244614744,0.6573857982813206,False,2004-05-17 13:53:24
0.7072648730023865,0.04951161534296434,0.6573857982813206,False,2004-05-17 13:53:30
0.7071588890879664,0.049606837446476454,0.6340441176470588,False,2004-05-17 14:11:12
0.7069730144749634,0.049845051856591056,0.633142857142857,False,2004-05-17 14:17:53
0.7067781272569181,0.05009461267165695,0.6495968916949976,False,2004-05-17 14:49:07
0.7069914295072014,0.04980442915481603,0.6426614861583293,False,2004-05-17 15:17:32
0.707135377702118,0.049597056118523566,0.6401623541349569,False,2004-05-17 15:55:34
0.7070106854539939,0.049749368292848976,0.6322272957889397,False,2004-05-17 16:51:47
0.7068066426224096,0.05001312521242569,0.6282666666666668,False,2004-05-18 10:10:15
0.7065629934996024,0.050334771595866655,0.6282666666666668,False,2004-05-18 10:28:15
0.7063193443767954,0.050653203649051355,0.604074844074844,False,2004-05-18 10:48:05
0.705588777176663,0.05158714398681612,0.5989473684210528,False,2004-05-18 10:48:25
0.7048069352199927,0.05259513208194664,0.6237154150197629,False,2004-05-18 11:11:44
0.7042727737293094,0.05314190131177317,0.6340824392998305,False,2004-05-18 12:01:03
0.7038422824814269,0.053532949948429595,0.6444494635798983,False,2004-05-18 12:24:35
0.7035154614763452,0.053794148035000225,0.6548164878599662,True,2004-05-18 12:37:25
0.7035373105654711,0.05377391645332785,0.64,False,2004-05-18 14:19:32
0.7034109947759974,0.05390801515798927,0.64,False,2004-05-18 14:31:27
0.7030396791351166,0.05421475519432737,0.64,False,2004-05-18 14:31:51
0.7024224297178671,0.05457638143050307,0.6540566606389392,True,2004-05-18 14:39:59
0.7021916806833757,0.05473138370508977,0.6800000000000002,True,2004-05-18 15:55:34
0.7021288912988473,0.05475320057338688,0.6800000000000002,True,2004-05-18 16:05:10
0.7018202665902226,0.054790070706287476,0.6800000000000002,True,2004-05-18 16:30:18
0.7012657156559249,0.054727438692457255,0.6939571150097467,True,2004-05-18 17:29:47
0.7008507358717246,0.054623853384064655,0.6939571150097467,True,2004-05-18 17:52:53
0.7004357560875243,0.05451691255719026,0.6939571150097467,True,2004-05-21 10:30:19
0.6998653272376216,0.05428278425037969,0.6929836995038978,True,2004-05-21 10:43:41
0.6992992292733109,0.05405594194397893,0.6929836995038978,True,2004-05-21 10:47:25
0.6987331313090004,0.05382218983948886,0.6661246612466124,True,2004-05-21 11:24:37
0.6979158064928949,0.053690423143752844,0.6661246612466124,True,2004-05-21 12:13:51
0.6971205747000454,0.05356633683739155,0.6661246612466124,True,2004-05-21 12:36:41
0.6961977364318749,0.053296774714528074,0.6661246612466124,True,2004-05-21 13:05:39
0.6951468618322199,0.05284140589365838,0.6929836995038978,True,2004-05-21 14:18:53
0.6942352279385969,0.052078973579113064,0.6929836995038978,True,2004-05-21 14:49:25
0.693323594044974,0.051289010992390506,0.6929836995038978,True,2004-05-21 15:18:56
0.6924119601513512,0.05047022543430085,0.7058333333333333,True,2004-05-21 15:35:25
0.6919021116665026,0.050072981023687596,0.7032558139534884,True,2004-05-21 16:00:37
0.6916384717512188,0.049942934874538165,0.7032558139534884,True,2004-05-21 16:19:44
0.6913748318359348,0.04981115384285212,0.7032558139534884,True,2004-05-21 17:06:24
0.690839208157288,0.04939076240779181,0.7032558139534884,True,2004-05-21 17:10:21
0.690303584478641,0.04896090266569181,0.7032558139534884,True,2004-05-21 17:56:49
0.6897679607999941,0.04852132297253959,0.7032558139534884,True,2004-05-22 10:07:31
0.6892323371213471,0.048071756684371275,0.6752941176470588,True,2004-05-22 10:31:58
0.6881438074091558,0.04713346510092755,0.6752941176470588,True,2004-05-22 10:42:38
0.6870552776969645,0.04615044398757901,0.6588235294117648,True,2004-05-22 11:30:30
0.6858020421024204,0.04518843877527103,0.6588235294117648,True,2004-05-22 12:20:23
0.6845488065078759,0.04416995946037651,0.6314285714285715,False,2004-05-22 13:09:58
0.6832949104039798,0.04387940326580714,0.6314285714285715,False,2004-05-22 13:34:31
0.6823129980634468,0.04393038915450414,0.6588235294117648,True,2004-05-22 13:43:13
0.6813330515393826,0.043346581449847515,0.6588235294117648,True,2004-05-22 13:48:42
0.6803531050153185,0.042732336293845485,0.6588235294117648,True,2004-05-22 14:01:46
0.6793731584912542,0.042086321013986155,0.6588235294117648,True,2004-05-22 14:54:25
0.6783932119671899,0.041407048644816855,0.6865116279069768,True,2004-05-22 15:00:57
0.6774705298377719,0.040169349874672376,0.6865116279069768,True,2004-05-22 15:21:40
0.6764815284697829,0.03868982887455567,0.6588235294117648,True,2004-05-22 16:39:17
0.6751168225874298,0.03683740180895392,0.6588235294117648,True,2004-05-22 17:25:38
0.6739074388339285,0.03533667138771201,0.6314285714285715,False,2004-05-22 17:49:03
0.6723951662826316,0.03385521820824273,0.6588235294117648,True,2004-05-23 10:04:09
0.6713163450465348,0.03252551550479575,0.6588235294117648,True,2004-05-23 10:12:09
0.6702199510458965,0.03104662936311454,0.6314285714285715,False,2004-05-23 10:43:45
0.6688496074654264,0.029673999334448618,0.6588235294117648,True,2004-05-23 10:47:32
0.6677532134647882,0.027948546292939854,0.6588235294117648,True,2004-05-23 11:25:15
0.6666420698769183,0.02600513247195127,0.6588235294117648,True,2004-05-23 11:40:48
0.665767147276299,0.024751438445732226,0.6697674418604652,True,2004-05-23 12:41:45
0.6652381550282371,0.0240860611730813,0.6530232558139535,True,2004-05-23 13:18:20
0.6647779509959401,0.023874473223358374,0.6530232558139535,True,2004-05-23 13:58:05
0.6643177469636429,0.023652040610687538,0.6530232558139535,True,2004-05-23 15:07:34
0.6638575429313458,0.023418454323539034,0.6258823529411763,False,2004-05-23 15:36:41
0.6631259298703209,0.023450570741664796,0.6258823529411763,False,2004-05-23 16:07:46
0.662368086733066,0.023417341825789275,0.6258823529411763,False,2004-05-23 16:18:21
0.6615491324847,0.023246352389579488,0.599047619047619,False,2004-05-23 16:24:10
0.6605229420085097,0.02371307780229989,0.6228206945428774,False,2004-05-23 16:43:12
0.6599041358407767,0.023880866755637737,0.6106233062330623,False,2004-05-23 17:19:04
0.6591633557899458,0.024246320225334905,0.62,False,2004-05-23 17:55:44
0.6586852605518506,0.024540692564918903,0.606509945750452,False,2004-05-23 18:00:48
0.6580722647712597,0.025065114016998624,0.593006993006993,False,2004-05-24 10:02:03
0.6573242394632343,0.02586671901470093,0.593006993006993,False,2004-05-24 10:07:43
0.6565601917462455,0.026615961055800087,0.593006993006993,False,2004-05-24 10:08:45
0.6558121664382202,0.027330833449487606,0.6183966244725738,False,2004-05-24 11:48:23
0.6553180374448507,0.027555220114316364,0.6183966244725738,False,2004-05-24 12:08:44
0.6548239084514813,0.027769002991267847,0.6183966244725738,False,2004-05-24 12:29:49
0.6543297794581119,0.02797242520385895,0.6183966244725738,False,2004-05-24 12:42:00
0.6538356504647421,0.028165711237562382,0.6183966244725738,False,2004-05-24 13:24:53
0.6535706218520579,0.028372482171731887,0.593006993006993,False,2004-05-24 13:57:30
0.6530516969247178,0.02899407020201358,0.5678599661208357,False,2004-05-24 15:25:55
0.6522813017285162,0.03019891260662763,0.5678599661208357,False,2004-05-24 16:48:21
0.6514505044752785,0.03134542579744377,0.5678599661208357,False,2004-05-24 16:48:22
0.6503820453129575,0.0323397552319592,0.5678599661208357,False,2004-05-24 17:47:55
0.6493135861506364,0.03327011584800864,0.5678599661208357,False,2004-05-25 12:15:24
0.6482451269883154,0.03414173748732925,0.593006993006993,False,2004-05-25 12:37:26
0.6476536229699458,0.034578429948590755,0.5678599661208357,False,2004-05-25 12:49:49
0.6468106486827143,0.035474281517506014,0.5678599661208357,False,2004-05-25 13:14:24
0.6459676743954832,0.03632850491499853,0.5794466403162055,False,2004-05-25 13:24:19
0.6452405668502056,0.036920169790158525,0.5543859649122806,False,2004-05-25 14:07:37
0.644037367675799,0.03788818797246804,0.5794466403162055,False,2004-05-25 14:40:15
0.6432579760961478,0.03840371272695844,0.5794466403162055,False,2004-05-25 14:50:54
0.6427037793977055,0.038917254301949714,0.6092105263157895,True,2004-05-25 15:21:27
0.6422220266780502,0.03903053881199737,0.613056133056133,True,2004-05-25 15:57:06
0.6415525880086116,0.038950860743341774,0.5978285134449517,False,2004-05-25 15:59:46
0.640957015160248,0.03915898220228128,0.5825396825396826,False,2004-05-25 16:05:13
0.6402085540028317,0.039551137674800785,0.5825396825396826,False,2004-05-25 16:12:52
0.6394600928454152,0.03992541430486587,0.5825396825396826,False,2004-05-25 16:41:09
0.6387116316879987,0.04028231045075503,0.5825396825396826,False,2004-05-25 17:26:28
0.638196587336925,0.040666131933163034,0.5825396825396826,False,2004-05-25 17:44:39
0.6376905555908933,0.041039002508647525,0.606697108066971,True,2004-05-25 18:20:38
0.6372615577546129,0.041136407442327626,0.631018711018711,True,2004-05-25 18:31:56
0.6371451300032169,0.04113743551712867,0.6554666666666669,True,2004-05-25 18:51:14
0.637298173128534,0.0411768251492293,0.6554666666666669,True,2004-05-28 11:25:06
0.6375305668373114,0.04121311352153393,0.6554666666666669,True,2004-05-28 14:01:38
0.6378025668373113,0.041240824196977596,0.6554666666666669,True,2004-05-28 14:06:27
0.6380745668373113,0.04126672347973827,0.631018711018711,True,2004-05-28 14:22:30
0.63834400550675,0.041131592591226944,0.606697108066971,True,2004-05-28 14:50:23
0.6384215029032092,0.04106453718579129,0.606697108066971,True,2004-05-28 15:16:50
0.6382513198336811,0.0411602834547453,0.606697108066971,True,2004-05-28 15:34:32
0.6379774665213525,0.04127804289923924,0.631018711018711,True,2004-05-28 16:02:59
0.6378431589957405,0.04127861628497492,0.6220374220374221,True,2004-05-28 16:48:13
0.6375153683375152,0.04127267849276566,0.613056133056133,True,2004-05-28 16:51:39
0.6372459296680765,0.04134346623991667,0.6373333333333333,True,2004-05-28 17:18:17
0.6372192630014097,0.041342541249663085,0.6373333333333333,True,2004-05-28 17:25:46
0.6371925963347431,0.04134159903785576,0.613056133056133,True,2004-05-28 17:29:23
0.6367825910589151,0.04137561393656976,0.6373333333333333,True,2004-05-28 18:21:47
0.6363559243922484,0.041147113786975865,0.6092105263157895,True,2004-05-29 11:30:37
0.6356480296554063,0.040998835727989076,0.5989473684210528,True,2004-05-29 11:38:35
0.6348375033396169,0.040915107121428346,0.5678599661208357,False,2004-05-29 11:46:06
0.6335765318507278,0.04101663762110235,0.5812587412587413,False,2004-05-29 13:45:35
0.6324495481132177,0.040890192385146025,0.5946232670283303,True,2004-05-29 13:56:27
0.6314562096334035,0.040589377668431834,0.5695104895104894,False,2004-05-29 14:15:44
0.6302214775334696,0.04057695674234099,0.5695104895104894,False,2004-05-29 14:16:24
0.6289867454335354,0.040526930931317956,0.544686617730096,False,2004-05-29 14:29:50
0.6277723649983702,0.041209589639661225,0.544686617730096,False,2004-05-29 15:42:49
0.626557984563205,0.041845895690546614,0.5201754385964912,False,2004-05-29 15:45:21
0.6250984923367038,0.042970526066256134,0.5201754385964912,False,2004-05-29 16:07:11
0.6236390001102025,0.04401809854547391,0.5201754385964912,False,2004-05-29 16:44:16
0.6219109175011285,0.04464937784926308,0.544686617730096,False,2004-05-29 17:19:16
0.6204279466833904,0.044726840501148,0.5695104895104894,False,2004-05-29 17:37:55
0.6191932145834564,0.044410001121735654,0.5695104895104894,False,2004-05-29 17:51:25
0.617829986145228,0.043817900883024966,0.544686617730096,False,2004-05-29 17:55:08
0.6162442941829941,0.043566246357235765,0.544686617730096,False,2004-05-29 18:14:36
0.6146586022207602,0.04325503863743427,0.544686617730096,False,2004-05-29 18:45:30
0.6130729102585262,0.042882981185947376,0.544686617730096,False,2004-05-30 11:14:17
0.6114872182962923,0.04244847400395586,0.544686617730096,False,2004-05-30 11:18:23
0.6099015263340584,0.04194957660258954,0.544686617730096,False,2004-05-30 11:19:27
0.6083158343718245,0.04138396031085419,0.5577622377622378,False,2004-05-30 12:19:34
0.6071405155729762,0.04113327793560952,0.5827365883062086,True,2004-05-30 12:43:51
0.6062149402795679,0.04062753064127854,0.5827365883062086,True,2004-05-30 14:38:09
0.6054540708685123,0.04034666054776271,0.608,True,2004-05-30 14:43:02
0.6049458355743946,0.03998970543454442,0.5967479674796748,True,2004-05-30 15:06:37
0.6045990295349056,0.03990883315435781,0.582857142857143,True,2004-05-30 15:25:44
0.6041133152491913,0.03987490311657031,0.5929411764705882,True,2004-05-30 15:42:41
0.6034544917197795,0.039508099696450846,0.5764705882352941,True,2004-05-30 16:46:39
0.6026309623080148,0.0392024967069177,0.5764705882352941,True,2004-05-30 17:51:32
0.6018074328962502,0.038877051754254766,0.5504761904761906,False,2004-05-30 18:03:50
0.6007239595068944,0.03878262304670439,0.5248192771084337,False,2004-05-30 18:05:20
0.5991070359989089,0.03854215064519594,0.5248192771084337,False,2004-05-30 18:12:36
0.5974901124909234,0.03823184561422371,0.49951219512195116,False,2004-05-30 18:27:20
0.5958969991480254,0.03895529298509088,0.49951219512195116,False,2004-05-31 12:11:43
0.5943038858051273,0.03960151087764285,0.4745679012345678,False,2004-05-31 12:31:38
0.5927352791031872,0.041175281103971964,0.4745679012345678,False,2004-05-31 13:11:33
0.5908927228214153,0.04228436453317671,0.44999999999999996,False,2004-05-31 13:26:43
0.5888044875272975,0.04399964097502547,0.4745679012345678,False,2004-05-31 13:32:27
0.5872358808253574,0.04523095986312588,0.4745679012345678,False,2004-05-31 14:36:26
0.5853933245435855,0.04602322824876156,0.49951219512195116,False,2004-05-31 14:38:55
0.5838002112006874,0.04621076998224343,0.49951219512195116,False,2004-05-31 15:37:30
0.5822070978577892,0.0463428200050383,0.49951219512195116,False,2004-05-31 15:37:34
0.5805045453904042,0.04622201436633206,0.49951219512195116,False,2004-05-31 16:02:14
0.5789694347834842,0.046337091211156756,0.5248192771084337,False,2004-05-31 16:19:20
0.577687394996429,0.04604307882370236,0.5504761904761906,True,2004-05-31 16:39:02
0.5766619243430513,0.045492450964615856,0.5504761904761906,True,2004-05-31 16:53:09
0.5759078627184014,0.045294866226779355,0.5504761904761906,True,2004-05-31 17:54:54
0.5751538010937516,0.04508380530044196,0.5764705882352941,True,2004-05-31 18:23:39
0.5746596834466928,0.04479496431159887,0.5764705882352941,True,2004-06-01 12:17:40
0.5744339131385695,0.04472832363478617,0.6027906976744185,True,2004-06-01 12:36:03
0.574233613169885,0.044555707616939035,0.6294252873563217,False,2004-06-01 13:16:08
0.5744216329811176,0.04474812667787824,0.6563636363636364,False,2004-06-01 14:14:45
0.5747852693447539,0.04526183440335584,0.6563636363636364,False,2004-06-01 14:37:03
0.5752838062508857,0.04587887164299318,0.6294252873563217,False,2004-06-01 14:48:45
0.5756479891943791,0.04616178203116618,0.6563636363636364,False,2004-06-01 15:28:46
0.5762815556279455,0.04682569295496876,0.6294252873563217,False,2004-06-01 15:36:54
0.5766457385714387,0.04709520199724864,0.6563636363636364,False,2004-06-01 17:17:08
0.5770254086903494,0.04758079412232666,0.6294252873563217,False,2004-06-01 17:23:12
0.5771356953191868,0.047689217901532285,0.6563636363636364,False,2004-06-01 17:42:17
0.5775153654380974,0.0481649600678341,0.6563636363636364,False,2004-06-01 17:43:42
0.5778950355570082,0.04863308497117874,0.6563636363636364,False,2004-06-01 17:48:17
0.5782747056759187,0.049093810511034314,0.6563636363636364,False,2004-06-01 17:49:42
0.5789082721094851,0.04968510070561454,0.6563636363636364,False,2004-06-01 18:33:15
0.5797933088119132,0.050265282512163986,0.6563636363636364,False,2004-06-01 18:36:07
0.5806783455143412,0.05082343396504184,0.6835955056179777,False,2004-06-01 18:48:56
0.5818357009093126,0.05182623156688046,0.6563636363636364,False,2004-06-04 11:42:48
0.5827207376117406,0.05233321993209793,0.6563636363636364,False,2004-06-04 11:48:45
0.5836057743141686,0.05282051645496717,0.6563636363636364,False,2004-06-04 11:51:10
0.5842393407477351,0.05330721140628823,0.6835955056179777,False,2004-06-04 12:55:36
0.5853966961427065,0.05418812556501638,0.6835955056179777,False,2004-06-04 13:14:06
0.5865540515376779,0.05503061124106035,0.6835955056179777,False,2004-06-04 14:04:09
0.5875955401906957,0.05586545229484706,0.6835955056179777,False,2004-06-04 14:25:25
0.5888876355977527,0.056572170051055685,0.6835955056179777,False,2004-06-04 14:26:16
0.5899291242507704,0.05734222011912176,0.6835955056179777,False,2004-06-04 14:40:11
0.5909706129037882,0.058083393451703005,0.6563636363636364,False,2004-06-04 16:09:09
0.5914421440042665,0.0584199776107972,0.6294252873563217,True,2004-06-04 17:08:28
0.5916058355472684,0.058503183979049224,0.6294252873563217,True,2004-06-04 17:32:48
0.5919218032863821,0.058621144583021506,0.6563636363636364,False,2004-06-04 17:38:29
0.5926600428246216,0.05896219849373157,0.6563636363636364,False,2004-06-05 11:53:58
0.5933982823628611,0.059292099937287186,0.6563636363636364,False,2004-06-05 11:58:45
0.5941365219011007,0.059611034075082614,0.6835955056179777,False,2004-06-05 12:12:00
0.5951470801318837,0.060258927856440304,0.6835955056179777,False,2004-06-05 12:23:13
0.5961576383626667,0.06088315804423328,0.6835955056179777,False,2004-06-05 12:28:39
0.5969266223381768,0.061493988317311066,0.6835955056179777,False,2004-06-05 12:36:09
0.5974523902841695,0.062005857912137786,0.7111111111111111,False,2004-06-05 13:26:37
0.5980088347286139,0.06276896741670032,0.6835955056179777,False,2004-06-05 14:53:33
0.598290123118127,0.06308804090499039,0.6835955056179777,False,2004-06-05 15:00:26
0.59857141150764,0.06340426084723756,0.6835955056179777,False,2004-06-05 15:55:45
0.5988526998971532,0.06371766972844499,0.6835955056179777,False,2004-06-05 16:04:21
0.599378467843146,0.06419604280786949,0.6835955056179777,False,2004-06-05 16:12:05
0.600147451818656,0.06473739294568201,0.6835955056179777,False,2004-06-05 18:03:23
0.6009164357941661,0.06526519367862385,0.6563636363636364,True,2004-06-05 18:17:16
0.6014131010771328,0.06549586695582885,0.6563636363636364,True,2004-06-05 18:37:53
0.6016665503305819,0.06565877735424383,0.6294252873563217,True,2004-06-06 11:49:58
0.601740428983771,0.06568580772336169,0.6294252873563217,True,2004-06-06 11:50:20
0.6019041205267728,0.06573418139441413,0.6294252873563217,True,2004-06-06 11:55:38
0.6018250400670027,0.06569625716058942,0.6294252873563217,True,2004-06-06 12:10:45
0.6017459596072324,0.0656582157752449,0.6027906976744185,True,2004-06-06 12:41:31
0.6016433052534154,0.0656484765658283,0.5764705882352941,True,2004-06-06 12:42:33
0.601034677802435,0.0655968819671889,0.5764705882352941,True,2004-06-06 14:25:35
0.6007072784216301,0.06563695021431337,0.5764705882352941,True,2004-06-06 14:53:16
0.6004825106197725,0.0656810620464627,0.5764705882352941,True,2004-06-06 15:14:49
0.600568616840917,0.06564387189479376,0.5764705882352941,True,2004-06-06 15:25:02
0.6005207353106826,0.06565968368470822,0.6027906976744185,True,2004-06-06 15:27:39
0.6006024096171435,0.06565737671315781,0.6027906976744185,True,2004-06-06 15:28:02
0.6009352116987828,0.06558323848907589,0.6294252873563217,True,2004-06-06 15:42:32
0.6015343596772411,0.06556709468078117,0.6294252873563217,True,2004-06-06 16:02:17
0.6023817463735033,0.06537421679445672,0.6563636363636364,True,2004-06-06 16:15:20
0.6034985165598387,0.06533294889729695,0.6294252873563217,True,2004-06-06 16:27:39
0.604591015047437,0.06484207954637082,0.6294252873563217,True,2004-06-06 17:29:33
0.6056835135350352,0.06432891451196843,0.6294252873563217,True,2004-06-06 17:36:37
0.6067760120226335,0.06379291574138612,0.6294252873563217,True,2004-06-06 18:41:11
0.6076233987188957,0.06352477471404254,0.6294252873563217,True,2004-06-07 11:16:55
0.6082225466973541,0.06344497859695496,0.6027906976744185,True,2004-06-07 11:23:39
0.6085553487789934,0.06332821936596843,0.6027906976744185,True,2004-06-07 13:38:50
0.6091363895784367,0.06300528488642212,0.6294252873563217,True,2004-06-07 13:43:46
0.6099837762746989,0.06270188611376529,0.6294252873563217,True,2004-06-07 13:54:59
0.6108311629709612,0.06238550306282677,0.6294252873563217,True,2004-06-07 15:14:15
0.6116785496672233,0.06205593713863598,0.6027906976744185,True,2004-06-07 15:47:59
0.6122595904666666,0.06169694056780689,0.6027906976744185,True,2004-06-07 16:34:11
0.6128406312661099,0.0613303383316888,0.6027906976744185,True,2004-06-07 16:37:10
0.6132909158652317,0.06108912637287842,0.5764705882352941,True,2004-06-07 16:53:01
0.6132282558645226,0.061123638067999024,0.5764705882352941,True,2004-06-07 17:17:14
0.6131655958638135,0.061158066089295145,0.5764705882352941,True,2004-06-07 17:27:20
0.6128503017461664,0.06126506377572994,0.6027906976744185,True,2004-06-07 17:36:20
0.6129107290481138,0.06125213051509264,0.6294252873563217,True,2004-06-07 18:05:13
0.6133764104931055,0.061198870572597194,0.6294252873563217,True,2004-06-07 18:12:18
0.6137412516019629,0.06118470664240327,0.6294252873563217,True,2004-06-08 11:11:07
0.6142707985931731,0.06108892512721575,0.6027906976744185,True,2004-06-08 12:41:27
0.6145339996875644,0.060982102837820636,0.6294252873563217,True,2004-06-08 12:48:30
0.6153234906563656,0.06065786878721872,0.6294252873563217,True,2004-06-08 13:03:35
0.6163695507588445,0.05998634247953292,0.6294252873563217,True,2004-06-08 13:08:33
0.6174156108613233,0.059288759802007936,0.6294252873563217,True,2004-06-08 13:09:48
0.618714741783667,0.058102491053067924,0.6294252873563217,True,2004-06-08 13:40:45
0.6200138727060107,0.056861818577818114,0.6294252873563217,True,2004-06-08 14:05:24
0.6215624465672283,0.05495642612158778,0.6563636363636364,True,2004-06-08 14:30:12
0.623380403918519,0.053037166851777846,0.6835955056179777,False,2004-06-08 15:23:31
0.6257163589746988,0.05042950844234063,0.6835955056179777,False,2004-06-08 15:31:37
0.627806635018533,0.048412885280532676,0.7111111111111111,False,2004-06-08 15:40:18
0.6301720671172985,0.046613168249171895,0.7111111111111111,False,2004-06-08 15:50:09
0.63228805627719,0.045421375045552576,0.7111111111111111,False,2004-06-08 17:04:19
0.6344040454370815,0.04409603550867502,0.7111111111111111,False,2004-06-08 18:38:55
0.6365200345969731,0.042624694296690885,0.7111111111111111,False,2004-06-08 18:58:35
0.6386360237568647,0.040991632804034756,0.7111111111111111,False,2004-06-11 11:12:54
0.6404989420968916,0.03999784194044643,0.7111111111111111,False,2004-06-11 11:35:25
0.6421052913032408,0.039573562237376354,0.7111111111111111,False,2004-06-11 11:50:35
0.64371164050959,0.03907871007175884,0.7111111111111111,False,2004-06-11 13:26:18
0.6453179897159391,0.038510565018501024,0.738901098901099,False,2004-06-11 13:44:11
0.6469422948225971,0.03899491745479047,0.7669565217391304,False,2004-06-11 13:45:02
0.6488471541576355,0.040141582312486164,0.7669565217391304,False,2004-06-11 13:47:42
0.6504888123982826,0.04155644166718463,0.7669565217391304,False,2004-06-11 13:54:07
0.6518641247421109,0.04308430006759007,0.7669565217391304,False,2004-06-11 14:05:02
0.6529700535958658,0.04457907554112631,0.7669565217391304,False,2004-06-11 15:19:18
0.6540759824496207,0.045998748707216125,0.7669565217391304,False,2004-06-11 15:41:38
0.6554512947934488,0.047279350592024934,0.7669565217391304,False,2004-06-11 16:07:31
0.6565572236472037,0.048563769895516896,0.7669565217391304,False,2004-06-11 16:38:10
0.6579325359910319,0.0497098269253133,0.738901098901099,False,2004-06-11 16:44:36
0.6587579106164064,0.05035792010209712,0.738901098901099,False,2004-06-11 17:42:24
0.6598526687318541,0.05089545068165754,0.7669565217391304,False,2004-06-11 18:04:50
0.6609585975856092,0.0519972541705891,0.7669565217391304,False,2004-06-11 18:22:58
0.662064526439364,0.05305314152068207,0.7669565217391304,False,2004-06-11 18:43:21
0.6631704552931191,0.05406580298013762,0.7669565217391304,False,2004-06-11 18:46:38
0.6642763841468741,0.05503762459719225,0.7669565217391304,False,2004-06-12 11:11:47
0.665382313000629,0.05597073372269412,0.7952688172043011,False,2004-06-12 13:11:00
0.6667713648090356,0.05743418183442653,0.7952688172043011,False,2004-06-12 13:46:55
0.6678880979248989,0.05881941504060584,0.7952688172043011,False,2004-06-12 15:36:45
0.6692771497333055,0.06015583483828664,0.7952688172043011,False,2004-06-12 15:41:17
0.6706662015417122,0.06143180295751147,0.7952688172043011,False,2004-06-12 15:42:11
0.6720552533501188,0.06265101303472224,0.8238297872340425,False,2004-06-12 16:11:55
0.6734575961662794,0.06443761468300686,0.8238297872340425,False,2004-06-12 16:15:08
0.6748599389824403,0.06614627583656026,0.8238297872340425,False,2004-06-12 16:15:23
0.6762622817986009,0.06778289088928631,0.8526315789473685,False,2004-06-12 16:24:53
0.6779526425318947,0.07001561615776786,0.8526315789473685,False,2004-06-12 16:52:21
0.6796430032651887,0.07213971219638703,0.8526315789473685,False,2004-06-12 16:56:56
0.6813333639984824,0.0741645131230961,0.8526315789473685,False,2004-06-12 17:14:33
0.6832960434243198,0.07605076467546168,0.8526315789473685,False,2004-06-12 17:55:34
0.6855281063402302,0.07769466748224918,0.8526315789473685,False,2004-06-12 17:56:28
0.6877601692561407,0.07924165377445704,0.8526315789473685,False,2004-06-12 18:15:05
0.6897228486819779,0.0808539175114066,0.8816666666666667,False,2004-06-13 11:49:01
0.6919758789850082,0.08300346832244637,0.8816666666666667,False,2004-06-13 13:51:50
,,,True,2004-06-13 13:52:50
