Acc mean,Acc std,New observation,Normality,Time,prefix_2,prefix_3,prefix_4,prefix_5,prefix_6,prefix_7,prefix_8,prefix_9,prefix_10,prefix_11,prefix_12,prefix_13,prefix_14,prefix_15,prefix_16,prefix_17,prefix_18
0.0,0.0,0.0,True,2004-02-19 11:26:53,0.0,0.0,0.0,0.0,0.0,0.0,0.0,0.0,0.0,0.0,0.0,0.0,0.0,0.0,0.0,0.0,0.0
0.0,0.0,0.0,True,2004-02-19 12:16:18,0.0,0.0,0.0,0.0,0.0,0.0,0.0,0.0,0.0,0.0,0.0,0.0,0.0,0.0,0.0,0.0,0.0
0.0,0.0,0.0,True,2004-02-19 12:48:29,0.0,0.0,0.0,0.0,0.0,0.0,0.0,0.0,0.0,0.0,0.0,0.0,0.0,0.0,0.0,0.0,0.0
0.0,0.0,0.0,True,2004-02-19 14:11:51,0.0,0.0,0.0,0.0,0.0,0.0,0.0,0.0,0.0,0.0,0.0,0.0,0.0,0.0,0.0,0.0,0.0
0.0,0.0,0.9431818181818182,False,2004-02-19 14:36:16,0.375,1.0,1.0,1.0,1.0,1.0,1.0,1.0,1.0,1.0,1.0,0.0,0.0,0.0,0.0,0.0,0.0
0.18863636363636366,0.3772727272727273,0.8727272727272729,False,2004-02-19 15:01:30,0.3,0.8,0.9,0.9,0.9,0.9,0.9,1.0,1.0,1.0,1.0,0.0,0.0,0.0,0.0,0.0,0.0
0.30265151515151517,0.42849682942617306,0.856060606060606,False,2004-02-19 16:24:30,0.25,0.6666666666666666,0.8333333333333333,0.9166666666666667,0.9166666666666667,0.9166666666666667,0.9166666666666667,1.0,1.0,1.0,1.0,0.0,0.0,0.0,0.0,0.0,0.0
0.3817099567099567,0.4414533074482472,0.8506493506493507,False,2004-02-19 16:56:35,0.21428571428571427,0.5714285714285714,0.8571428571428572,0.9285714285714286,0.9285714285714286,0.9285714285714286,0.9285714285714286,1.0,1.0,1.0,1.0,0.0,0.0,0.0,0.0,0.0,0.0
0.440327380952381,0.4411041960790971,0.8465909090909091,True,2004-02-19 17:41:38,0.1875,0.5,0.875,0.9375,0.9375,0.9375,0.9375,1.0,1.0,1.0,1.0,0.0,0.0,0.0,0.0,0.0,0.0
0.485467772967773,0.4350344116353872,0.8096590909090909,True,2004-02-20 10:18:41,0.28125,0.5,0.75,0.78125,0.84375,0.84375,0.90625,1.0,1.0,1.0,1.0,0.0,0.0,0.0,0.0,0.0,0.0
0.5178869047619048,0.4240146770252421,0.8352272727272727,True,2004-02-20 12:10:01,0.4375,0.5833333333333333,0.75,0.8125,0.8541666666666667,0.8541666666666667,0.8958333333333333,1.0,1.0,1.0,1.0,0.0,0.0,0.0,0.0,0.0,0.0
0.5467360291223927,0.4144475381570203,0.8508522727272727,True,2004-02-20 12:21:02,0.546875,0.625,0.75,0.828125,0.859375,0.859375,0.890625,1.0,1.0,1.0,1.0,0.0,0.0,0.0,0.0,0.0,0.0
0.5720790494227994,0.40560796407137845,0.763888888888889,True,2004-02-20 12:35:28,0.48611111111111105,0.5555555555555556,0.6944444444444444,0.7638888888888888,0.7916666666666667,0.7916666666666667,0.8194444444444444,0.875,0.875,0.875,0.875,0.0,0.0,0.0,0.0,0.0,0.0
0.5868336524586525,0.3930330562231921,0.7102272727272726,True,2004-02-20 12:43:34,0.43749999999999994,0.5,0.65,0.7124999999999999,0.7625,0.7625,0.7875000000000001,0.8,0.8,0.8,0.8,0.0,0.0,0.0,0.0,0.0,0.0
0.5956474824778396,0.3800670239597178,0.6948347107438017,True,2004-02-20 13:12:00,0.3977272727272727,0.4772727272727273,0.6363636363636364,0.6931818181818182,0.7386363636363636,0.7386363636363636,0.7613636363636364,0.8,0.8,0.8,0.8,0.0,0.0,0.0,0.0,0.0,0.0
0.602259964362237,0.3680122670349785,0.6983471074380164,True,2004-02-20 13:26:46,0.44545454545454544,0.49090909090909085,0.6181818181818182,0.7,0.7363636363636363,0.7363636363636363,0.7545454545454546,0.8,0.8,0.8,0.8,0.0,0.0,0.0,0.0,0.0,0.0
0.6082654108044733,0.3570846471073335,0.6598484848484849,True,2004-02-20 13:28:01,0.4083333333333333,0.45,0.5833333333333334,0.6583333333333332,0.6916666666666667,0.7083333333333333,0.7250000000000001,0.7333333333333334,0.7666666666666666,0.7666666666666666,0.7666666666666666,0.0,0.0,0.0,0.0,0.0,0.0
0.6112997092776504,0.3466355450258552,0.6428571428571428,True,2004-02-20 15:06:42,0.3769230769230769,0.41538461538461535,0.5692307692307692,0.6384615384615385,0.6846153846153846,0.7,0.7153846153846154,0.7142857142857143,0.7428571428571429,0.7428571428571429,0.7714285714285714,0.0,0.0,0.0,0.0,0.0,0.0
0.6130529000320667,0.3369467451900191,0.6396103896103896,True,2004-02-20 15:30:19,0.36428571428571427,0.41428571428571426,0.5714285714285714,0.6357142857142857,0.6785714285714285,0.6928571428571428,0.7071428571428571,0.7142857142857143,0.7428571428571429,0.7428571428571429,0.7714285714285714,0.0,0.0,0.0,0.0,0.0,0.0
0.6144506626414521,0.32801349000511903,0.6406060606060606,True,2004-02-20 15:35:37,0.3666666666666667,0.41333333333333333,0.5733333333333333,0.6333333333333333,0.6733333333333333,0.6866666666666666,0.7,0.725,0.75,0.75,0.7749999999999999,0.0,0.0,0.0,0.0,0.0,0.0
0.6157584325396825,0.31975881868073486,0.6414772727272727,True,2004-02-20 15:42:02,0.36875,0.4125,0.575,0.63125,0.6687500000000001,0.69375,0.7062499999999999,0.725,0.75,0.75,0.7749999999999999,0.0,0.0,0.0,0.0,0.0,0.0
0.616983139215282,0.31210071658782496,0.6150568181818182,True,2004-02-20 15:55:32,0.3802083333333333,0.40625,0.5520833333333334,0.609375,0.640625,0.6614583333333333,0.6822916666666666,0.6875,0.7083333333333334,0.7083333333333334,0.7291666666666667,0.0,0.0,0.0,0.0,0.0,0.0
0.6168955791683064,0.3049252922834523,0.6117548029312735,True,2004-02-20 16:23:48,0.36764705882352944,0.4019607843137255,0.5490196078431373,0.6029411764705882,0.6323529411764706,0.6519607843137255,0.6715686274509803,0.6666666666666667,0.7222222222222222,0.7222222222222222,0.7407407407407408,0.0,0.0,0.0,0.0,0.0,0.0
0.6166720671580006,0.2982246617238028,0.6079704609116374,True,2004-02-20 17:22:15,0.38235294117647056,0.40336134453781514,0.5378151260504203,0.592436974789916,0.634453781512605,0.6512605042016807,0.6764705882352942,0.6507936507936508,0.7142857142857143,0.7142857142857143,0.7301587301587302,0.0,0.0,0.0,0.0,0.0,0.0
0.6163095002310689,0.29195072264160954,0.5984848484848485,True,2004-02-20 17:25:48,0.3611111111111111,0.38888888888888884,0.5238095238095238,0.5753968253968254,0.623015873015873,0.638888888888889,0.6626984126984127,0.6507936507936508,0.7142857142857143,0.7142857142857143,0.7301587301587302,0.0,0.0,0.0,0.0,0.0,0.0
0.6155965141612201,0.2860734448566991,0.591866028708134,True,2004-02-20 17:50:41,0.34962406015037595,0.3759398496240602,0.518796992481203,0.5676691729323309,0.6127819548872181,0.6278195488721805,0.6578947368421053,0.6428571428571428,0.7,0.7142857142857143,0.7428571428571429,0.0,0.0,0.0,0.0,0.0,0.0
0.6146838031822552,0.28055521005880885,0.597488038277512,True,2004-02-23 10:31:20,0.36513157894736836,0.381578947368421,0.5197368421052632,0.569078947368421,0.6217105263157895,0.6348684210526315,0.6677631578947368,0.65,0.7,0.7124999999999999,0.75,0.0,0.0,0.0,0.0,0.0,0.0
0.6140469230005982,0.27532987728921104,0.587215909090909,True,2004-02-23 11:10:59,0.346875,0.3625,0.50625,0.553125,0.603125,0.6218750000000001,0.653125,0.65,0.7,0.7124999999999999,0.75,0.0,0.0,0.0,0.0,0.0,0.0
0.6130886725038235,0.2704144179596977,0.5800865800865801,True,2004-02-23 11:26:02,0.3303571428571428,0.35119047619047616,0.49404761904761907,0.5446428571428572,0.5922619047619048,0.6101190476190476,0.6458333333333334,0.65,0.7,0.7124999999999999,0.75,0.0,0.0,0.0,0.0,0.0,0.0
0.6119506693170219,0.2657794256554881,0.5761880165289256,True,2004-02-23 12:04:11,0.3210227272727273,0.3409090909090909,0.4886363636363636,0.5369318181818182,0.5880681818181819,0.6051136363636364,0.6448863636363636,0.65,0.7,0.7124999999999999,0.75,0.0,0.0,0.0,0.0,0.0,0.0
0.610758580890752,0.26139106877378404,0.5779284944304707,True,2004-02-23 12:16:10,0.31521739130434784,0.33695652173913043,0.48913043478260865,0.5353260869565217,0.5896739130434783,0.6059782608695653,0.6440217391304348,0.6477272727272727,0.7159090909090909,0.7272727272727273,0.75,0.0,0.0,0.0,0.0,0.0,0.0
0.6096995458436462,0.2572059405453187,0.5802341597796143,True,2004-02-23 12:22:13,0.31770833333333337,0.34375,0.49479166666666663,0.5390625000000001,0.5911458333333334,0.6067708333333334,0.6484375,0.6477272727272727,0.7159090909090909,0.7272727272727273,0.75,0.0,0.0,0.0,0.0,0.0,0.0
0.6087787525291453,0.25320710698280585,0.5841735537190083,True,2004-02-23 12:32:54,0.325,0.35,0.5,0.5425,0.5975,0.6125,0.6575,0.6477272727272727,0.7159090909090909,0.7272727272727273,0.75,0.0,0.0,0.0,0.0,0.0,0.0
0.6080331404439896,0.24937679406060287,0.565068870523416,True,2004-02-23 13:08:10,0.3244444444444444,0.3422222222222222,0.4755555555555556,0.5222222222222223,0.5711111111111111,0.5933333333333334,0.6333333333333334,0.6161616161616161,0.696969696969697,0.7070707070707071,0.7333333333333334,0.0,0.0,0.0,0.0,0.0,0.0
0.6067694854463257,0.24578933801611286,0.5658802476984296,True,2004-02-23 13:09:42,0.3162393162393162,0.33760683760683763,0.4743589743589744,0.5192307692307692,0.5705128205128205,0.5918803418803419,0.6303418803418804,0.6111111111111112,0.7037037037037037,0.7222222222222222,0.7474747474747475,0.0,0.0,0.0,0.0,0.0,0.0
0.6056012215106715,0.2423483747207933,0.5673910825425978,True,2004-02-23 13:19:16,0.3168724279835391,0.3415637860082304,0.4773662551440329,0.5205761316872428,0.5699588477366255,0.5946502057613169,0.6358024691358024,0.6111111111111112,0.7037037037037037,0.7222222222222222,0.7474747474747475,0.0,0.0,0.0,0.0,0.0,0.0
0.6045398287615584,0.23904120834299608,0.5601239669421487,True,2004-02-23 14:59:07,0.31851851851851853,0.337037037037037,0.46296296296296297,0.512962962962963,0.5574074074074074,0.5796296296296296,0.6314814814814814,0.6083333333333334,0.7,0.7166666666666667,0.7363636363636363,0.0,0.0,0.0,0.0,0.0,0.0
0.6033394000637365,0.23589877725041208,0.5565525383707203,True,2004-02-23 15:24:40,0.3107142857142857,0.32857142857142857,0.45714285714285713,0.5089285714285714,0.5517857142857143,0.5767857142857143,0.6267857142857143,0.6083333333333334,0.7,0.7166666666666667,0.7363636363636363,0.0,0.0,0.0,0.0,0.0,0.0
0.6021081668612888,0.23289460174838003,0.5551082929609575,True,2004-02-23 15:29:21,0.3068965517241379,0.3275862068965517,0.45517241379310347,0.5051724137931035,0.55,0.5741379310344827,0.6258620689655173,0.6083333333333334,0.7,0.7166666666666667,0.7363636363636363,0.0,0.0,0.0,0.0,0.0,0.0
0.6009030418894854,0.2300093853892972,0.5555785123966942,True,2004-02-23 16:19:12,0.30666666666666664,0.32666666666666666,0.45666666666666667,0.505,0.5516666666666666,0.5750000000000001,0.6283333333333333,0.6083333333333334,0.7,0.7166666666666667,0.7363636363636363,0.0,0.0,0.0,0.0,0.0,0.0
0.5997699286521655,0.22722628217642024,0.552266466316053,True,2004-02-23 16:36:50,0.3060606060606061,0.32727272727272727,0.44848484848484843,0.4984848484848485,0.5409090909090909,0.5772727272727273,0.6257575757575757,0.6060606060606061,0.6969696969696969,0.712121212121212,0.7355371900826446,0.0,0.0,0.0,0.0,0.0,0.0
0.5986113076195774,0.22455771559114532,0.5481164618727935,True,2004-02-23 17:09:08,0.2991202346041056,0.3196480938416422,0.44281524926686217,0.4912023460410557,0.5351906158357771,0.5703812316715542,0.6202346041055719,0.6060606060606061,0.6969696969696969,0.712121212121212,0.7355371900826446,0.0,0.0,0.0,0.0,0.0,0.0
0.5974090493875112,0.2220018175866755,0.5614854557303238,True,2004-02-23 17:19:46,0.31854838709677424,0.33870967741935487,0.45698924731182794,0.5094086021505376,0.5524193548387097,0.5873655913978495,0.635752688172043,0.6180555555555556,0.701388888888889,0.7152777777777778,0.7424242424242424,0.0,0.0,0.0,0.0,0.0,0.0
0.5965736169768788,0.21947200845739462,0.5848064447771193,True,2004-02-23 17:40:09,0.35607940446650127,0.3722084367245657,0.4863523573200992,0.5372208436724566,0.5769230769230769,0.609181141439206,0.6563275434243176,0.6346153846153846,0.717948717948718,0.7307692307692307,0.7552447552447553,0.0,0.0,0.0,0.0,0.0,0.0
0.5963061812450662,0.21697076189290965,0.5763436374231828,True,2004-02-24 11:20:02,0.3449519230769231,0.36057692307692313,0.4735576923076923,0.5228365384615383,0.5637019230769231,0.5949519230769231,0.640625,0.6346153846153846,0.717948717948718,0.7307692307692307,0.7552447552447553,0.0,0.0,0.0,0.0,0.0,0.0
0.5958625691601354,0.21456660992445534,0.5575252253573931,True,2004-02-24 12:27:21,0.3344988344988345,0.3496503496503497,0.4615384615384615,0.5116550116550116,0.5512820512820513,0.583916083916084,0.6282051282051282,0.6094674556213018,0.6863905325443788,0.6982248520710058,0.717948717948718,0.0,0.0,0.0,0.0,0.0,0.0
0.5950291486426844,0.2122951777623215,0.5518753493866616,True,2004-02-24 12:31:14,0.32466063348416285,0.3393665158371041,0.45475113122171945,0.503393665158371,0.5418552036199095,0.5757918552036199,0.6187782805429864,0.6094674556213018,0.6863905325443788,0.6982248520710058,0.717948717948718,0.0,0.0,0.0,0.0,0.0,0.0
0.594110982701067,0.21011687644725724,0.570723394252806,True,2004-02-24 13:41:15,0.35189075630252103,0.365546218487395,0.47478991596638653,0.5262605042016807,0.5619747899159664,0.5934873949579832,0.6334033613445378,0.6263736263736264,0.6978021978021979,0.7142857142857143,0.7321428571428571,0.0,0.0,0.0,0.0,0.0,0.0
0.5936237412750616,0.20794347023215734,0.5634686741829599,True,2004-02-24 13:47:09,0.34183673469387754,0.35510204081632657,0.463265306122449,0.5153061224489796,0.55,0.5806122448979592,0.6214285714285713,0.6263736263736264,0.6978021978021979,0.7142857142857143,0.7321428571428571,0.0,0.0,0.0,0.0,0.0,0.0
0.5930083317425697,0.2058548199205117,0.55751887001887,True,2004-02-24 13:59:40,0.3323412698412698,0.34523809523809523,0.45238095238095233,0.5049603174603174,0.5406746031746031,0.5724206349206349,0.6140873015873016,0.6263736263736264,0.6978021978021979,0.7142857142857143,0.7321428571428571,0.0,0.0,0.0,0.0,0.0,0.0
0.5922985425080958,0.20384643480798864,0.5461552336552337,True,2004-02-24 14:06:48,0.3323412698412698,0.31746031746031744,0.4305555555555556,0.4851190476190476,0.5208333333333334,0.5545634920634921,0.5962301587301588,0.6263736263736264,0.6978021978021979,0.7142857142857143,0.7321428571428571,0.0,0.0,0.0,0.0,0.0,0.0
0.6032216471812004,0.18563482323670172,0.5334387834387835,True,2004-02-24 14:30:09,0.30753968253968256,0.29563492063492064,0.4107142857142857,0.4652777777777778,0.5029761904761905,0.5367063492063493,0.5783730158730159,0.6263736263736264,0.6978021978021979,0.7142857142857143,0.7321428571428571,0.0,0.0,0.0,0.0,0.0,0.0
0.613890422849976,0.16482211827522625,0.5177510981082409,True,2004-02-24 15:52:15,0.2847222222222222,0.27380952380952384,0.3908730158730158,0.4474206349206349,0.4851190476190476,0.5188492063492064,0.564484126984127,0.6173469387755102,0.6887755102040817,0.7040816326530612,0.7197802197802199,0.0,0.0,0.0,0.0,0.0,0.0
0.6242454448121408,0.1403806630657985,0.5071325499896929,True,2004-02-24 15:52:48,0.2638888888888889,0.251984126984127,0.373015873015873,0.43154761904761907,0.4712301587301587,0.5049603174603174,0.5525793650793651,0.6142857142857143,0.6857142857142857,0.7047619047619048,0.7244897959183674,0.0,0.0,0.0,0.0,0.0,0.0
0.6343880958119347,0.10992960606128518,0.4974310599310599,False,2004-02-24 16:07:02,0.2848232848232848,0.27442827442827444,0.3305613305613305,0.3908523908523908,0.43451143451143454,0.4698544698544698,0.5218295218295218,0.6205357142857143,0.6875,0.7187499999999999,0.7380952380952381,0.0,0.0,0.0,0.0,0.0,0.0
0.6254730806469194,0.10233823394724682,0.4979256854256855,False,2004-02-24 16:29:24,0.2668650793650794,0.2777777777777778,0.33134920634920634,0.39682539682539686,0.44444444444444453,0.4781746031746032,0.5317460317460317,0.6208333333333333,0.6833333333333333,0.7124999999999999,0.7333333333333334,0.0,0.0,0.0,0.0,0.0,0.0
0.6179770489008878,0.0975684256613387,0.5035660173160172,False,2004-02-24 17:05:21,0.26571428571428574,0.3028571428571429,0.35428571428571426,0.3942857142857143,0.4438095238095238,0.4780952380952381,0.5314285714285714,0.62890625,0.6875,0.71484375,0.7375,0.0,0.0,0.0,0.0,0.0,0.0
0.610927157125996,0.09272550237752439,0.48919372294372293,False,2004-02-24 17:57:15,0.23904761904761904,0.27809523809523806,0.3333333333333333,0.37333333333333335,0.42095238095238097,0.4571428571428572,0.5104761904761905,0.62890625,0.6875,0.71484375,0.7375,0.0,0.0,0.0,0.0,0.0,0.0
0.6036980445718835,0.08770863527297339,0.47551406926406925,False,2004-02-24 17:58:45,0.2161904761904762,0.2571428571428571,0.31047619047619046,0.35047619047619044,0.4,0.43619047619047613,0.49142857142857144,0.62890625,0.6875,0.71484375,0.7375,0.0,0.0,0.0,0.0,0.0,0.0
0.5962765077753466,0.08237966527520159,0.4884390119684237,False,2004-02-25 10:04:27,0.23115079365079366,0.2738095238095238,0.32936507936507936,0.375,0.4265873015873016,0.4662698412698413,0.5257936507936508,0.6213235294117647,0.6801470588235294,0.7058823529411764,0.7375,0.0,0.0,0.0,0.0,0.0,0.0
0.5898521061965333,0.07789141345199721,0.5070448430742548,False,2004-02-25 10:40:53,0.2505197505197505,0.2952182952182952,0.3555093555093555,0.4054054054054054,0.4615384615384615,0.501039501039501,0.5634095634095635,0.6213235294117647,0.6801470588235294,0.7058823529411764,0.7375,0.0,0.0,0.0,0.0,0.0,0.0
0.5832884576034729,0.07040562631077911,0.4904120443912831,False,2004-02-25 10:49:15,0.23388773388773387,0.2702702702702703,0.3264033264033264,0.37422037422037424,0.42827442827442824,0.46569646569646567,0.5343035343035344,0.629757785467128,0.685121107266436,0.7093425605536332,0.7372549019607844,0.0,0.0,0.0,0.0,0.0,0.0
0.5760796530367531,0.060379615867303116,0.4940030479822867,False,2004-02-25 11:34:39,0.23804573804573806,0.27442827442827444,0.3305613305613306,0.3783783783783784,0.4345114345114345,0.474012474012474,0.5426195426195426,0.629757785467128,0.685121107266436,0.7093425605536332,0.7372549019607844,0.0,0.0,0.0,0.0,0.0,0.0
0.5706819362186211,0.055189200627952656,0.5155564751152986,True,2004-02-25 13:05:57,0.2628968253968254,0.3035714285714286,0.3591269841269842,0.4107142857142857,0.46825396825396826,0.5079365079365079,0.5753968253968254,0.6372549019607843,0.6895424836601307,0.7156862745098039,0.7407407407407408,0.0,0.0,0.0,0.0,0.0,0.0
0.5667885202663816,0.05198083770569767,0.5103255948844184,False,2004-02-25 14:18:25,0.2589285714285714,0.2976190476190476,0.3531746031746032,0.4027777777777778,0.4563492063492064,0.498015873015873,0.5634920634920635,0.6372549019607843,0.6895424836601307,0.7156862745098039,0.7407407407407408,0.0,0.0,0.0,0.0,0.0,0.0
0.563098337949194,0.04923651839834112,0.4921053046053046,False,2004-02-25 14:37:00,0.25571725571725573,0.288981288981289,0.33679833679833676,0.3825363825363825,0.4282744282744283,0.4615384615384615,0.5301455301455302,0.6203703703703705,0.6759259259259258,0.7037037037037037,0.7291666666666667,0.0,0.0,0.0,0.0,0.0,0.0
0.5589735018925396,0.04628364823777862,0.5165328092959671,True,2004-02-25 14:49:15,0.2837301587301587,0.3194444444444445,0.36904761904761907,0.41468253968253965,0.4662698412698413,0.5009920634920636,0.5674603174603174,0.6286549707602339,0.6842105263157895,0.7105263157894737,0.7368421052631579,0.0,0.0,0.0,0.0,0.0,0.0
0.5561071883814893,0.044344890856660005,0.5145486823118401,True,2004-02-25 14:56:22,0.2837301587301587,0.3194444444444445,0.3650793650793651,0.4126984126984127,0.46031746031746035,0.49702380952380953,0.5615079365079365,0.6286549707602339,0.6842105263157895,0.7105263157894737,0.7368421052631579,0.0,0.0,0.0,0.0,0.0,0.0
0.5535410191705833,0.04294083391335512,0.5054397357028936,False,2004-02-25 15:25:02,0.2738095238095238,0.3055555555555556,0.35119047619047616,0.4007936507936508,0.4444444444444444,0.48015873015873023,0.5436507936507937,0.6286549707602339,0.6842105263157895,0.7105263157894737,0.7368421052631579,0.0,0.0,0.0,0.0,0.0,0.0
0.5508576060924333,0.04165129590172497,0.5187490981240982,True,2004-02-25 16:15:01,0.2895238095238095,0.32095238095238093,0.3638095238095238,0.41714285714285715,0.4609523809523809,0.4952380952380952,0.5561904761904761,0.638888888888889,0.6944444444444444,0.7222222222222222,0.7468750000000001,0.0,0.0,0.0,0.0,0.0,0.0
0.5484204668427941,0.03985491470945935,0.4954917122351333,False,2004-02-25 16:16:47,0.26285714285714284,0.29428571428571426,0.3352380952380952,0.38857142857142857,0.4323809523809524,0.4685714285714285,0.5295238095238095,0.6184210526315789,0.6736842105263158,0.7,0.7468750000000001,0.0,0.0,0.0,0.0,0.0,0.0
0.5455007556329513,0.03824561663520837,0.5013825227060521,False,2004-02-25 17:58:48,0.27380952380952384,0.30654761904761907,0.3492063492063492,0.40674603174603174,0.4543650793650794,0.4920634920634921,0.5515873015873016,0.605,0.66,0.6849999999999999,0.7308823529411764,0.0,0.0,0.0,0.0,0.0,0.0
0.5432272697234359,0.03741291095881698,0.49081890331890327,False,2004-02-25 17:59:51,0.26091269841269843,0.29662698412698413,0.33730158730158727,0.3948412698412699,0.44047619047619047,0.47817460317460314,0.5357142857142857,0.5976190476190476,0.6523809523809524,0.6785714285714285,0.7263888888888889,0.0,0.0,0.0,0.0,0.0,0.0
0.5408085517311886,0.0368088031715126,0.5016132891132892,False,2004-02-26 10:47:07,0.2796257796257796,0.3128898128898129,0.3555093555093555,0.41580041580041577,0.4573804573804574,0.49480249480249483,0.5467775467775468,0.5976190476190476,0.6523809523809524,0.6785714285714285,0.7263888888888889,0.0,0.0,0.0,0.0,0.0,0.0
0.5386814082952217,0.03592873756563739,0.5036922911922912,True,2004-02-26 11:34:24,0.28586278586278585,0.31704781704781704,0.35758835758835755,0.41787941787941785,0.45945945945945943,0.498960498960499,0.5488565488565489,0.5976190476190476,0.6523809523809524,0.6785714285714285,0.7263888888888889,0.0,0.0,0.0,0.0,0.0,0.0
0.5367855571493705,0.03521697983410538,0.5043396568516186,True,2004-02-26 11:36:03,0.28586278586278585,0.31704781704781704,0.35758835758835755,0.41787941787941785,0.45945945945945943,0.498960498960499,0.5488565488565489,0.6,0.6522727272727272,0.6795454545454546,0.7302631578947368,0.0,0.0,0.0,0.0,0.0,0.0
0.5350350297122403,0.03460561925912548,0.5177292663476875,True,2004-02-26 12:22:10,0.3081140350877193,0.3410087719298246,0.37719298245614036,0.4385964912280702,0.4714912280701754,0.513157894736842,0.5592105263157895,0.6065217391304347,0.6565217391304348,0.6869565217391304,0.73625,0.0,0.0,0.0,0.0,0.0,0.0
0.5334398542736437,0.03351099107700599,0.5296992481203007,True,2004-02-26 12:32:38,0.32565789473684215,0.3585526315789474,0.3925438596491228,0.45175438596491224,0.48245614035087725,0.5241228070175439,0.5701754385964912,0.6145833333333334,0.6625,0.6979166666666666,0.7464285714285714,0.0,0.0,0.0,0.0,0.0,0.0
0.5322895210542316,0.03262063484515882,0.5356801093643199,True,2004-02-26 12:43:14,0.3366228070175439,0.36951754385964913,0.40131578947368424,0.4627192982456141,0.49122807017543857,0.5328947368421053,0.5767543859649122,0.6145833333333334,0.6625,0.6979166666666666,0.7464285714285714,0.0,0.0,0.0,0.0,0.0,0.0
0.5314013916397865,0.03190385225303241,0.5131927274784418,True,2004-02-26 13:38:36,0.3128898128898129,0.34407484407484407,0.3721413721413721,0.4324324324324324,0.45945945945945943,0.5051975051975053,0.5488565488565489,0.6031746031746031,0.6488095238095238,0.6845238095238095,0.7335600907029478,0.0,0.0,0.0,0.0,0.0,0.0
0.5301414858587767,0.03134936521905831,0.5120587263444406,True,2004-02-26 14:13:20,0.3128898128898129,0.34407484407484407,0.3721413721413721,0.4303534303534303,0.4573804573804574,0.501039501039501,0.5446985446985446,0.6031746031746031,0.6488095238095238,0.6845238095238095,0.7335600907029478,0.0,0.0,0.0,0.0,0.0,0.0
0.528824090497056,0.030690632596400855,0.49404761904761896,False,2004-02-26 14:19:03,0.2867063492063492,0.3204365079365079,0.3472222222222222,0.40476190476190477,0.43253968253968256,0.47420634920634924,0.5198412698412698,0.5984848484848485,0.6439393939393939,0.6780303030303031,0.7283549783549783,0.0,0.0,0.0,0.0,0.0,0.0
0.5271003596824163,0.030170711561092575,0.48575036075036077,False,2004-02-26 14:25:42,0.2708333333333333,0.30654761904761907,0.3333333333333333,0.3928571428571429,0.4206349206349207,0.46230158730158727,0.5079365079365079,0.5984848484848485,0.6439393939393939,0.6780303030303031,0.7283549783549783,0.0,0.0,0.0,0.0,0.0,0.0
0.5251318958230433,0.029587944247950672,0.5084237306138133,True,2004-02-26 14:37:31,0.29625779625779625,0.33575883575883575,0.36590436590436587,0.42827442827442824,0.4573804573804574,0.498960498960499,0.5467775467775468,0.6018181818181819,0.6472727272727273,0.6818181818181818,0.7324380165289256,0.0,0.0,0.0,0.0,0.0,0.0
0.5239989930248512,0.029117812294169695,0.5096505887019721,True,2004-02-26 14:56:24,0.29625779625779625,0.33367983367983367,0.36590436590436587,0.42619542619542616,0.4553014553014553,0.49480249480249483,0.5426195426195426,0.6066433566433567,0.6538461538461539,0.6888111888111889,0.742094861660079,0.0,0.0,0.0,0.0,0.0,0.0
0.522874399844922,0.0285590445787276,0.5071935862449697,True,2004-02-26 15:17:56,0.2920997920997921,0.32744282744282743,0.3617463617463617,0.4199584199584199,0.45114345114345117,0.49272349272349275,0.5426195426195426,0.6066433566433567,0.6538461538461539,0.6888111888111889,0.742094861660079,0.0,0.0,0.0,0.0,0.0,0.0
0.5216704499189695,0.027918678144936714,0.5078904899320779,True,2004-02-26 15:56:39,0.29417879417879417,0.3316008316008316,0.36590436590436587,0.4261954261954262,0.45945945945945943,0.501039501039501,0.5509355509355509,0.596989966555184,0.6454849498327759,0.6806020066889632,0.7344045368620039,0.0,0.0,0.0,0.0,0.0,0.0
0.520625780378768,0.027433292573588577,0.5007872562220389,True,2004-02-26 16:16:19,0.2847222222222222,0.32043650793650796,0.35317460317460314,0.4146825396825397,0.45238095238095244,0.49007936507936506,0.5357142857142857,0.5961538461538461,0.6474358974358975,0.6810897435897436,0.7327898550724637,0.0,0.0,0.0,0.0,0.0,0.0
0.5195104747357945,0.027081328194328978,0.493932999367782,True,2004-02-26 16:59:00,0.2767857142857143,0.310515873015873,0.34325396825396826,0.40476190476190477,0.44047619047619047,0.4761904761904762,0.5238095238095238,0.5961538461538461,0.6474358974358975,0.6810897435897436,0.7327898550724637,0.0,0.0,0.0,0.0,0.0,0.0
0.5182869688639309,0.026826133188118332,0.48590630384108646,False,2004-02-26 17:13:49,0.26388888888888884,0.2986111111111111,0.32936507936507936,0.38888888888888895,0.4285714285714286,0.46428571428571425,0.5138888888888888,0.5961538461538461,0.6474358974358975,0.6810897435897436,0.7327898550724637,0.0,0.0,0.0,0.0,0.0,0.0
0.5168935246928188,0.026661896034115257,0.5053378857726684,True,2004-02-27 10:05:36,0.288981288981289,0.32536382536382535,0.3575883575883576,0.422037422037422,0.4636174636174636,0.498960498960499,0.5446985446985446,0.5961538461538461,0.6474358974358975,0.6810897435897436,0.7327898550724637,0.0,0.0,0.0,0.0,0.0,0.0
0.515954953081951,0.026222538765357697,0.5062828867176693,True,2004-02-27 10:18:54,0.288981288981289,0.3295218295218295,0.36174636174636177,0.422037422037422,0.4636174636174636,0.501039501039501,0.5446985446985446,0.5961538461538461,0.6474358974358975,0.6810897435897436,0.7327898550724637,0.0,0.0,0.0,0.0,0.0,0.0
0.5151182815788485,0.025847731902385863,0.5154118859782476,True,2004-02-27 11:25:33,0.3092105263157895,0.34978070175438597,0.3793859649122807,0.4342105263157895,0.4758771929824562,0.5109649122807018,0.5526315789473685,0.5961538461538461,0.6474358974358975,0.6810897435897436,0.7327898550724637,0.0,0.0,0.0,0.0,0.0,0.0
0.514196810183807,0.024985186856630436,0.4756406975937868,False,2004-02-27 11:40:26,0.26096491228070173,0.2993421052631579,0.3267543859649123,0.3771929824561403,0.41885964912280704,0.4517543859649123,0.4956140350877193,0.5776,0.6304000000000001,0.664,0.7295652173913043,0.0,0.0,0.0,0.0,0.0,0.0
0.5120134952401404,0.023441624613720034,0.47988559685928106,False,2004-02-27 12:12:19,0.27192982456140347,0.31030701754385964,0.33771929824561403,0.39035087719298245,0.4342105263157895,0.4671052631578948,0.5109649122807017,0.5592948717948718,0.6153846153846154,0.6506410256410257,0.7308333333333333,0.0,0.0,0.0,0.0,0.0,0.0
0.5100843344288623,0.021992380414961935,0.4900530609741136,True,2004-02-27 13:33:51,0.28289473684210525,0.32565789473684204,0.35307017543859653,0.4057017543859649,0.4495614035087719,0.48684210526315785,0.5307017543859649,0.5592948717948718,0.6153846153846154,0.6506410256410257,0.7308333333333333,0.0,0.0,0.0,0.0,0.0,0.0
0.5087348911411967,0.02109161147973997,0.4986155072997178,True,2004-02-27 14:39:28,0.2982456140350877,0.3410087719298246,0.3706140350877193,0.42105263157894735,0.4649122807017544,0.5021929824561404,0.543859649122807,0.5496794871794872,0.6073717948717949,0.6458333333333333,0.7399999999999999,0.0,0.0,0.0,0.0,0.0,0.0
0.5076696942994579,0.0202125576396135,0.45602812538338855,False,2004-02-27 14:40:06,0.24561403508771928,0.2861842105263158,0.31359649122807015,0.36184210526315796,0.4078947368421053,0.4429824561403508,0.48903508771929827,0.5296000000000001,0.5872,0.6272,0.7251602564102564,0.0,0.0,0.0,0.0,0.0,0.0
0.5053757889220695,0.019419246527618225,0.4636038829591461,False,2004-02-27 14:59:12,0.2543859649122807,0.29495614035087725,0.32456140350877194,0.375,0.42105263157894735,0.45614035087719296,0.5043859649122807,0.5296000000000001,0.5872,0.6272,0.7251602564102564,0.0,0.0,0.0,0.0,0.0,0.0
0.5033784930975932,0.018453187293439286,0.4813864863206969,False,2004-02-27 14:59:12,0.26535087719298245,0.3081140350877193,0.33771929824561403,0.38815789473684204,0.43640350877192985,0.4736842105263158,0.5241228070175439,0.5576923076923077,0.6169871794871795,0.6618589743589743,0.7251602564102564,0.0,0.0,0.0,0.0,0.0,0.0
0.5018558454236297,0.01700738146587138,0.4924510796221323,True,2004-02-27 15:19:36,0.2785087719298246,0.32346491228070173,0.35526315789473684,0.4057017543859649,0.45614035087719296,0.4923245614035088,0.543859649122807,0.5576923076923077,0.6169871794871795,0.6618589743589743,0.7251602564102564,0.0,0.0,0.0,0.0,0.0,0.0
0.5007817623429678,0.015830907943110335,0.5113957335782279,True,2004-02-27 15:38:01,0.293859649122807,0.34100877192982454,0.3728070175438597,0.42324561403508765,0.4736842105263158,0.5098684210526316,0.5614035087719299,0.5925925925925926,0.6473429951690821,0.6843800322061192,0.7251602564102564,0.0,0.0,0.0,0.0,0.0,0.0
0.5003409013457567,0.015210088594580227,0.5223606458589297,False,2004-02-27 15:39:25,0.3092105263157895,0.3585526315789474,0.39035087719298245,0.4429824561403508,0.4912280701754386,0.5274122807017544,0.5767543859649124,0.5925925925925926,0.6473429951690821,0.6843800322061192,0.7251602564102564,0.0,0.0,0.0,0.0,0.0,0.0
0.5004330923007704,0.01532884143779735,0.493101845004019,True,2004-02-27 16:01:39,0.28482328482328484,0.33160083160083165,0.3617463617463617,0.41164241164241167,0.4594594594594595,0.4937629937629938,0.5426195426195426,0.5603864734299517,0.6167471819645732,0.6570048309178744,0.7043269230769231,0.0,0.0,0.0,0.0,0.0,0.0
0.5001524782010569,0.015332055459858744,0.4886153500283935,True,2004-02-27 16:06:48,0.27182539682539686,0.318452380952381,0.3472222222222222,0.3968253968253968,0.44642857142857145,0.47916666666666663,0.5257936507936507,0.5801282051282051,0.639423076923077,0.6794871794871795,0.6900161030595813,0.0,0.0,0.0,0.0,0.0,0.0
0.49997616400300365,0.015412813568884591,0.5001578615709051,True,2004-02-27 16:20:25,0.29313929313929316,0.3378378378378379,0.36590436590436587,0.4158004158004158,0.4677754677754678,0.49376299376299376,0.5384615384615385,0.5801282051282051,0.639423076923077,0.6794871794871795,0.6900161030595813,0.0,0.0,0.0,0.0,0.0,0.0
0.500020807525908,0.015410042183500292,0.48616604494750953,True,2004-02-27 17:13:35,0.27192982456140347,0.3125,0.3442982456140351,0.39254385964912286,0.4451754385964912,0.47039473684210525,0.5219298245614036,0.5801282051282051,0.639423076923077,0.6794871794871795,0.6900161030595813,0.0,0.0,0.0,0.0,0.0,0.0
0.4996728080785378,0.015522113746357053,0.4929443543573978,True,2004-02-27 17:59:47,0.2807017543859649,0.32346491228070173,0.3530701754385965,0.4013157894736842,0.45614035087719296,0.48355263157894735,0.5350877192982456,0.5801282051282051,0.639423076923077,0.6794871794871795,0.6900161030595813,0.0,0.0,0.0,0.0,0.0,0.0
0.49974782070681134,0.015480297333860955,0.5003207498916882,True,2004-03-01 11:07:38,0.2894736842105263,0.33442982456140347,0.36403508771929827,0.4122807017543859,0.4692982456140351,0.4967105263157895,0.5482456140350878,0.5801282051282051,0.639423076923077,0.6794871794871795,0.6900161030595813,0.0,0.0,0.0,0.0,0.0,0.0
0.5002439543193637,0.015088224804810004,0.5157782720711782,False,2004-03-01 11:18:37,0.30043859649122806,0.34539473684210525,0.3771929824561403,0.42543859649122806,0.48245614035087714,0.5120614035087719,0.5614035087719299,0.6089743589743589,0.6666666666666667,0.7051282051282052,0.6884057971014493,0.0,0.0,0.0,0.0,0.0,0.0
0.5007907395214188,0.015145782283705386,0.524749563937207,False,2004-03-01 11:20:56,0.3135964912280702,0.35855263157894735,0.3925438596491228,0.4385964912280702,0.4978070175438596,0.5274122807017544,0.574561403508772,0.6089743589743589,0.6666666666666667,0.7051282051282052,0.6884057971014493,0.0,0.0,0.0,0.0,0.0,0.0
0.5011448339386778,0.015490886587016552,0.4914017988960781,True,2004-03-01 11:46:50,0.2785087719298246,0.32127192982456143,0.3508771929824561,0.39035087719298245,0.44736842105263164,0.47916666666666663,0.5263157894736843,0.5833333333333333,0.6410256410256411,0.6826923076923077,0.7045088566827697,0.0,0.0,0.0,0.0,0.0,0.0
0.5011646290287737,0.015477785843384401,0.5067821432953011,True,2004-03-01 12:16:32,0.2850877192982456,0.32785087719298245,0.35964912280701755,0.3991228070175439,0.45833333333333337,0.49013157894736836,0.537280701754386,0.6121794871794872,0.673076923076923,0.7131410256410257,0.71875,0.0,0.0,0.0,0.0,0.0,0.0
0.5014202109350341,0.015462920066140409,0.494021360457724,True,2004-03-01 13:21:57,0.24708624708624705,0.2948717948717948,0.32634032634032634,0.36829836829836826,0.43356643356643354,0.46736596736596736,0.5198135198135198,0.6330128205128205,0.6907051282051282,0.7339743589743589,0.7191999999999998,0.0,0.0,0.0,0.0,0.0,0.0
0.5009895086418825,0.015362765798343376,0.5080073744437381,True,2004-03-01 13:38:46,0.26340326340326337,0.31585081585081587,0.34731934731934727,0.3939393939393939,0.4568764568764569,0.49067599067599066,0.5431235431235432,0.6330128205128205,0.6907051282051282,0.7339743589743589,0.7191999999999998,0.0,0.0,0.0,0.0,0.0,0.0
0.500943144233069,0.01533799797881197,0.49008453563979887,True,2004-03-01 14:07:20,0.24780701754385964,0.29605263157894735,0.32675438596491224,0.37499999999999994,0.4342105263157895,0.46820175438596495,0.5241228070175439,0.6064,0.664,0.7104,0.7379807692307693,0.0,0.0,0.0,0.0,0.0,0.0
0.5009027288537589,0.015363872819737555,0.4639451048951049,False,2004-03-01 14:17:22,0.19347319347319347,0.2494172494172494,0.2843822843822844,0.33566433566433573,0.39627039627039623,0.43356643356643354,0.49184149184149184,0.6064,0.664,0.7104,0.7379807692307693,0.0,0.0,0.0,0.0,0.0,0.0
0.49985097476574153,0.016042871701793193,0.47411675143038784,False,2004-03-01 14:20:34,0.20745920745920748,0.2634032634032634,0.29836829836829837,0.3496503496503497,0.4125874125874126,0.44988344988344986,0.5151515151515151,0.6064,0.664,0.7104,0.7379807692307693,0.0,0.0,0.0,0.0,0.0,0.0
0.49904233614811244,0.016298600826375874,0.4859836723882179,True,2004-03-01 15:51:07,0.22144522144522144,0.2773892773892774,0.3146853146853147,0.36596736596736595,0.4358974358974358,0.47319347319347316,0.5384615384615385,0.6064,0.664,0.7104,0.7379807692307693,0.0,0.0,0.0,0.0,0.0,0.0
0.49865321488181896,0.016373301838672243,0.4581846153846154,False,2004-03-01 16:05:37,0.16375,0.22249999999999998,0.2675,0.32499999999999996,0.39749999999999996,0.4375,0.5075,0.6064,0.664,0.7104,0.7379807692307693,0.0,0.0,0.0,0.0,0.0,0.0
0.4974419252270293,0.017067368013610723,0.48581002331002326,True,2004-03-01 16:19:22,0.18625,0.2475,0.29250000000000004,0.35,0.4225,0.4625,0.5325,0.6458333333333333,0.7003205128205128,0.7387820512820513,0.765224358974359,0.0,0.0,0.0,0.0,0.0,0.0
0.4972482914485272,0.01714314770109933,0.4596009641873278,False,2004-03-01 16:32:11,0.17365967365967366,0.23076923076923078,0.2727272727272727,0.32634032634032634,0.3962703962703963,0.43356643356643354,0.5034965034965035,0.6112000000000001,0.6656000000000001,0.704,0.7379807692307693,0.0,0.0,0.0,0.0,0.0,0.0
0.4964126602781527,0.017921881075524098,0.4708321572367027,False,2004-03-02 10:07:36,0.1853146853146853,0.24242424242424243,0.2867132867132867,0.34265734265734266,0.4195804195804196,0.4568764568764569,0.5268065268065268,0.6112000000000001,0.6656000000000001,0.704,0.7379807692307693,0.0,0.0,0.0,0.0,0.0,0.0
0.49601292535650865,0.018261858439280944,0.489821731299004,True,2004-03-02 11:30:34,0.20046620046620045,0.25874125874125875,0.3076923076923077,0.365967365967366,0.4428904428904429,0.4801864801864802,0.5524475524475525,0.6201923076923077,0.6730769230769231,0.7115384615384616,0.7748397435897436,0.0,0.0,0.0,0.0,0.0,0.0
0.4957770942002229,0.018264150500777475,0.5055030197075652,True,2004-03-02 11:32:49,0.22377622377622378,0.2820512820512821,0.331002331002331,0.3916083916083916,0.4685314685314685,0.5058275058275059,0.578088578088578,0.6201923076923077,0.6730769230769231,0.7115384615384616,0.7748397435897436,0.0,0.0,0.0,0.0,0.0,0.0
0.49581330877052837,0.01828159587374609,0.5250516528925621,False,2004-03-02 11:37:59,0.2470862470862471,0.3076923076923077,0.35664335664335667,0.4172494172494173,0.4918414918414919,0.5291375291375291,0.6013986013986014,0.6346153846153846,0.6826923076923077,0.7163461538461539,0.7908653846153847,0.0,0.0,0.0,0.0,0.0,0.0
0.4962275486913472,0.01869996780978355,0.5387402132708456,False,2004-03-02 13:09:59,0.2727272727272727,0.33100233100233095,0.37995337995337997,0.4382284382284382,0.5081585081585082,0.5431235431235432,0.6153846153846153,0.6409017713365539,0.6859903381642513,0.719806763285024,0.7908653846153847,0.0,0.0,0.0,0.0,0.0,0.0
0.49664776762981044,0.019401347063547344,0.5463689481723079,False,2004-03-02 13:17:36,0.2913752913752914,0.344988344988345,0.3939393939393939,0.45221445221445217,0.5198135198135199,0.5524475524475525,0.6177156177156177,0.6409017713365539,0.6859903381642513,0.719806763285024,0.7908653846153847,0.0,0.0,0.0,0.0,0.0,0.0
0.49698116163085065,0.020097189479099182,0.5495475877145838,False,2004-03-02 13:37:36,0.30536130536130535,0.35431235431235436,0.39860139860139865,0.45454545454545453,0.5221445221445221,0.5547785547785549,0.6177156177156177,0.6409017713365539,0.6859903381642513,0.719806763285024,0.7908653846153847,0.0,0.0,0.0,0.0,0.0,0.0
0.49725851119785586,0.020715513850427962,0.5233696228014411,False,2004-03-02 13:41:35,0.2937062937062937,0.3403263403263403,0.3846153846153846,0.43356643356643354,0.49417249417249415,0.5268065268065268,0.5827505827505828,0.6025641025641025,0.6474358974358975,0.6810897435897436,0.7700320512820513,0.0,0.0,0.0,0.0,0.0,0.0
0.49746204910431585,0.02092005985703374,0.5326936321254503,False,2004-03-02 13:44:32,0.31468531468531463,0.358974358974359,0.4009324009324009,0.44755244755244755,0.5058275058275058,0.5384615384615384,0.5920745920745921,0.6025641025641025,0.6474358974358975,0.6810897435897436,0.7700320512820513,0.0,0.0,0.0,0.0,0.0,0.0
0.497874747219936,0.021401930141968326,0.49656792665685945,True,2004-03-02 13:46:08,0.2773892773892774,0.317016317016317,0.35664335664335667,0.3962703962703963,0.45454545454545453,0.47785547785547783,0.5291375291375292,0.6009615384615384,0.6426282051282052,0.6714743589743589,0.7383252818035426,0.0,0.0,0.0,0.0,0.0,0.0
0.4979251533721209,0.021395824135102832,0.5086467569175078,True,2004-03-02 14:14:54,0.296037296037296,0.3356643356643356,0.37529137529137524,0.4172494172494173,0.4731934731934732,0.4965034965034965,0.5477855477855478,0.6009615384615384,0.6426282051282052,0.6714743589743589,0.7383252818035426,0.0,0.0,0.0,0.0,0.0,0.0
0.49838308129546377,0.021375362840927486,0.5203017685725195,False,2004-03-02 14:43:06,0.3146853146853147,0.35664335664335667,0.393939393939394,0.4358974358974359,0.49184149184149184,0.5128205128205128,0.5641025641025641,0.6009615384615384,0.6426282051282052,0.6714743589743589,0.7383252818035426,0.0,0.0,0.0,0.0,0.0,0.0
0.4986206420546379,0.021550916122784897,0.5294138685937105,False,2004-03-02 14:48:37,0.33333333333333337,0.372960372960373,0.40792540792540793,0.44755244755244755,0.5058275058275059,0.5268065268065267,0.5757575757575758,0.6009615384615384,0.6426282051282052,0.6714743589743589,0.7383252818035426,0.0,0.0,0.0,0.0,0.0,0.0
0.4990159076524728,0.021927540044230916,0.535135419769807,False,2004-03-02 14:50:58,0.34498834498834496,0.38461538461538464,0.42191142191142195,0.45687645687645684,0.5128205128205128,0.5314685314685315,0.5804195804195804,0.6009615384615384,0.6426282051282052,0.6714743589743589,0.7383252818035426,0.0,0.0,0.0,0.0,0.0,0.0
0.49957474432296956,0.022477980526188292,0.5409899440334223,False,2004-03-02 16:11:11,0.36,0.3975,0.42999999999999994,0.4675,0.52,0.535,0.5874999999999999,0.6009615384615384,0.6426282051282052,0.6714743589743589,0.7383252818035426,0.0,0.0,0.0,0.0,0.0,0.0
0.5002367334049964,0.023189280321549502,0.5217755652206871,True,2004-03-02 17:23:18,0.33333333333333337,0.36314363143631434,0.39837398373983746,0.43360433604336046,0.48509485094850946,0.5013550135501355,0.5555555555555556,0.6057692307692307,0.6458333333333334,0.6746794871794872,0.7427884615384616,0.0,0.0,0.0,0.0,0.0,0.0
0.5006564995849694,0.023384586423492813,0.49456842674233975,True,2004-03-02 17:26:07,0.3075,0.33499999999999996,0.3675,0.4025,0.4525,0.47,0.5225,0.5913461538461539,0.6282051282051282,0.6506410256410257,0.71256038647343,0.0,0.0,0.0,0.0,0.0,0.0
0.5006692081324605,0.023381101432694697,0.5068411540150671,True,2004-03-02 17:29:23,0.325,0.35250000000000004,0.38750000000000007,0.42250000000000004,0.47250000000000003,0.49,0.5425,0.5913461538461539,0.6282051282051282,0.6506410256410257,0.71256038647343,0.0,0.0,0.0,0.0,0.0,0.0
0.5010879051359401,0.02330029159651154,0.5239185331576636,True,2004-03-03 11:08:11,0.345,0.3725,0.4075,0.4425,0.49250000000000005,0.51,0.5675,0.608695652173913,0.6409017713365539,0.6634460547504025,0.71256038647343,0.0,0.0,0.0,0.0,0.0,0.0
0.50145951808364,0.023512315860175128,0.5371003513394818,False,2004-03-03 11:11:04,0.365,0.3925,0.4275,0.4675,0.515,0.53,0.585,0.608695652173913,0.6409017713365539,0.6634460547504025,0.71256038647343,0.0,0.0,0.0,0.0,0.0,0.0
0.5020758673760762,0.02402892408873472,0.5498276240667546,False,2004-03-03 11:24:11,0.385,0.4175,0.44999999999999996,0.48749999999999993,0.5325,0.5475000000000001,0.6025,0.608695652173913,0.6409017713365539,0.6634460547504025,0.71256038647343,0.0,0.0,0.0,0.0,0.0,0.0
0.5027641821378465,0.02487896768655546,0.48759625237886106,True,2004-03-03 11:24:54,0.31499999999999995,0.34249999999999997,0.3675,0.40750000000000003,0.44999999999999996,0.46749999999999997,0.52,0.5748792270531401,0.6086956521739131,0.6296296296296297,0.6803542673107891,0.0,0.0,0.0,0.0,0.0,0.0
0.5030032932335479,0.024673741358371585,0.498505343287952,True,2004-03-03 13:03:00,0.32999999999999996,0.36,0.385,0.42500000000000004,0.4675,0.485,0.5375000000000001,0.5748792270531401,0.6086956521739131,0.6296296296296297,0.6803542673107891,0.0,0.0,0.0,0.0,0.0,0.0
0.5033756881621213,0.024461621123674435,0.4807101111448937,True,2004-03-03 13:52:43,0.31934731934731936,0.3473193473193473,0.3752913752913753,0.4149184149184149,0.46153846153846156,0.4778554778554779,0.5268065268065268,0.536231884057971,0.5716586151368759,0.5925925925925926,0.6642512077294687,0.0,0.0,0.0,0.0,0.0,0.0
0.5031888291655369,0.024597981857060053,0.48791502744071913,True,2004-03-03 14:58:15,0.33100233100233095,0.36130536130536134,0.3869463869463869,0.42657342657342656,0.47086247086247085,0.48717948717948717,0.5384615384615385,0.536231884057971,0.5716586151368759,0.5925925925925926,0.6642512077294687,0.0,0.0,0.0,0.0,0.0,0.0
0.502974819568357,0.024683240999864336,0.46588493631971895,False,2004-03-03 15:06:09,0.3,0.3275,0.35,0.39,0.435,0.4525,0.505,0.536231884057971,0.5716586151368759,0.5925925925925926,0.6642512077294687,0.0,0.0,0.0,0.0,0.0,0.0
0.5031719557870835,0.024344544983602855,0.46781627463445646,False,2004-03-03 15:10:44,0.30069930069930073,0.3333333333333333,0.35664335664335667,0.3962703962703963,0.4405594405594406,0.4615384615384616,0.5081585081585083,0.5384615384615385,0.5737179487179487,0.594551282051282,0.6420454545454545,0.0,0.0,0.0,0.0,0.0,0.0
0.5032562036205896,0.024214409115446072,0.47480071762368414,False,2004-03-03 16:09:07,0.32456140350877194,0.3574561403508772,0.37938596491228066,0.42105263157894735,0.4649122807017544,0.4846491228070175,0.5350877192982456,0.5064102564102564,0.548076923076923,0.5689102564102564,0.6323051948051948,0.0,0.0,0.0,0.0,0.0,0.0
0.5031244882466495,0.02435054132542689,0.5044489719126083,True,2004-03-03 16:37:18,0.3617463617463617,0.3991683991683992,0.4199584199584199,0.4615384615384615,0.5051975051975052,0.525987525987526,0.5758835758835759,0.5216,0.5632,0.5856,0.6290584415584416,0.0,0.0,0.0,0.0,0.0,0.0
0.5033644460924589,0.024303249477793432,0.5019919694556059,True,2004-03-03 16:42:43,0.35966735966735963,0.39501039501039503,0.41580041580041577,0.45945945945945943,0.503118503118503,0.5218295218295219,0.5675675675675675,0.5216,0.5632,0.5856,0.6290584415584416,0.0,0.0,0.0,0.0,0.0,0.0
0.5031763708100065,0.02427674206183338,0.4977218568522916,True,2004-03-03 17:33:43,0.3555093555093555,0.3908523908523909,0.4116424116424116,0.4511434511434511,0.49272349272349275,0.5114345114345114,0.5592515592515592,0.5248,0.5664,0.5888,0.6223832528180354,0.0,0.0,0.0,0.0,0.0,0.0
0.5026835950298737,0.024131963936541673,0.48174051650104277,True,2004-03-04 10:11:06,0.3333333333333333,0.3706140350877193,0.38815789473684204,0.4298245614035087,0.4671052631578947,0.4868421052631579,0.5350877192982456,0.5232,0.5648,0.5871999999999999,0.6129807692307693,0.0,0.0,0.0,0.0,0.0,0.0
0.5024563684598141,0.02427418595163478,0.4502287666878576,False,2004-03-04 11:05:50,0.28438228438228436,0.31701631701631705,0.3356643356643357,0.37995337995337997,0.4172494172494172,0.4405594405594405,0.48951048951048953,0.5232,0.5648,0.5871999999999999,0.6129807692307693,0.0,0.0,0.0,0.0,0.0,0.0
0.5016886367930035,0.025285760095653493,0.4726295772368999,False,2004-03-04 11:07:50,0.31798245614035087,0.3486842105263158,0.37280701754385964,0.4166666666666667,0.456140350877193,0.47807017543859653,0.5285087719298246,0.512,0.5552,0.5776,0.6352657004830918,0.0,0.0,0.0,0.0,0.0,0.0
0.5011380711063235,0.025610705855748782,0.47322766336130184,False,2004-03-04 11:25:37,0.31798245614035087,0.3486842105263158,0.37280701754385964,0.4166666666666667,0.45833333333333337,0.48026315789473684,0.5307017543859649,0.512,0.5552,0.5776,0.6352657004830918,0.0,0.0,0.0,0.0,0.0,0.0
0.5008793034745993,0.02582514045666199,0.5005708295099599,True,2004-03-04 11:27:42,0.3617463617463617,0.39501039501039503,0.41995841995842,0.4636174636174636,0.5093555093555093,0.5301455301455301,0.5800415800415801,0.504,0.5472,0.5696,0.6256038647342995,0.0,0.0,0.0,0.0,0.0,0.0
0.5010318329776505,0.025800334283317034,0.4998148287539592,True,2004-03-04 11:35:00,0.3617463617463617,0.39501039501039503,0.41995841995842,0.4636174636174636,0.5072765072765073,0.528066528066528,0.5758835758835759,0.504,0.5472,0.5696,0.6256038647342995,0.0,0.0,0.0,0.0,0.0,0.0
0.5010217145548959,0.025800710376866216,0.5021088320914407,True,2004-03-04 12:10:58,0.3617463617463617,0.39293139293139295,0.4178794178794179,0.45945945945945943,0.5031185031185031,0.5239085239085239,0.5696465696465697,0.5136,0.5584,0.5808,0.6417069243156199,0.0,0.0,0.0,0.0,0.0,0.0
0.5007483257553013,0.0257151790040693,0.5260297914207006,True,2004-03-04 13:50:30,0.4007936507936508,0.43253968253968256,0.45833333333333337,0.49603174603174605,0.5376984126984128,0.5595238095238095,0.6031746031746033,0.5104,0.5552,0.5776,0.6550324675324676,0.0,0.0,0.0,0.0,0.0,0.0
0.5007739303049711,0.02573968991765221,0.5079285233194324,True,2004-03-04 14:23:15,0.3762993762993763,0.4054054054054054,0.43243243243243246,0.4656964656964657,0.5093555093555093,0.5280665280665281,0.5717255717255717,0.5104,0.5552,0.5776,0.6550324675324676,0.0,0.0,0.0,0.0,0.0,0.0
0.5011044647934382,0.02572332426203816,0.5062275216184307,True,2004-03-04 14:47:02,0.3762993762993763,0.4054054054054054,0.4303534303534303,0.4636174636174636,0.5051975051975052,0.5218295218295219,0.5675675675675675,0.5104,0.5552,0.5776,0.6550324675324676,0.0,0.0,0.0,0.0,0.0,0.0
0.5010933723599007,0.025720993013667082,0.5024475178384269,True,2004-03-04 15:11:56,0.3721413721413721,0.39916839916839914,0.42411642411642414,0.4573804573804574,0.49896049896049893,0.5155925155925156,0.5613305613305614,0.5104,0.5552,0.5776,0.6550324675324676,0.0,0.0,0.0,0.0,0.0,0.0
0.5012618955075149,0.025701702058627922,0.49791151330242234,True,2004-03-04 16:17:53,0.3638253638253638,0.3908523908523908,0.41787941787941796,0.4511434511434511,0.4906444906444906,0.5093555093555093,0.5550935550935552,0.5104,0.5552,0.5776,0.6550324675324676,0.0,0.0,0.0,0.0,0.0,0.0
0.5010599782846885,0.02568756877640288,0.5057245136969275,True,2004-03-04 16:38:28,0.3783783783783784,0.4074844074844075,0.43243243243243246,0.4698544698544698,0.5051975051975052,0.5259875259875261,0.5717255717255718,0.5024,0.5471999999999999,0.5696,0.6527093596059114,0.0,0.0,0.0,0.0,0.0,0.0
0.501372777845831,0.02564720836785541,0.5017555097279236,True,2004-03-04 17:11:51,0.37629937629937626,0.4033264033264033,0.4261954261954263,0.4636174636174636,0.49688149688149696,0.5176715176715176,0.5634095634095635,0.5024,0.5471999999999999,0.5696,0.6527093596059114,0.0,0.0,0.0,0.0,0.0,0.0
0.5021289859424874,0.025083735009015003,0.5347021273745411,False,2004-03-04 17:26:33,0.41468253968253965,0.44047619047619047,0.4662698412698413,0.503968253968254,0.5357142857142857,0.5555555555555556,0.5992063492063492,0.5336538461538461,0.578525641025641,0.6009615384615384,0.6527093596059114,0.0,0.0,0.0,0.0,0.0,0.0
0.5033406934613706,0.02516449904327526,0.5273067449791587,True,2004-03-04 17:27:53,0.40476190476190477,0.4305555555555556,0.4543650793650793,0.49206349206349204,0.5238095238095238,0.5436507936507936,0.5853174603174603,0.5336538461538461,0.578525641025641,0.6009615384615384,0.6527093596059114,0.0,0.0,0.0,0.0,0.0,0.0
0.5041671549131894,0.025259277156404282,0.5094112816476453,True,2004-03-04 17:55:51,0.39285714285714285,0.41865079365079366,0.44246031746031744,0.47817460317460314,0.509920634920635,0.5297619047619048,0.5714285714285714,0.5056,0.5504,0.5744,0.6298701298701299,0.0,0.0,0.0,0.0,0.0,0.0
0.50519168823845,0.024397613662071157,0.527284769775679,True,2004-03-04 17:56:19,0.42476190476190473,0.4495238095238095,0.47428571428571425,0.5085714285714286,0.539047619047619,0.5580952380952381,0.6,0.5024000000000001,0.5456,0.5696,0.6282467532467532,0.0,0.0,0.0,0.0,0.0,0.0
0.506021183167763,0.024429584460120925,0.5182010756919848,True,2004-03-05 10:36:08,0.41468253968253965,0.43452380952380953,0.46031746031746035,0.4920634920634921,0.5238095238095238,0.5436507936507936,0.5853174603174603,0.5024000000000001,0.5456,0.5696,0.6282467532467532,0.0,0.0,0.0,0.0,0.0,0.0
0.5071931853978562,0.023564831183376624,0.5097234422143513,True,2004-03-05 10:41:26,0.40277777777777773,0.42261904761904767,0.4464285714285714,0.4781746031746032,0.5099206349206349,0.5297619047619048,0.5714285714285714,0.5024000000000001,0.5456,0.5696,0.6282467532467532,0.0,0.0,0.0,0.0,0.0,0.0
0.5079710110974092,0.022986557212740205,0.5010654335563426,True,2004-03-05 10:50:11,0.3888888888888889,0.40873015873015867,0.43253968253968256,0.4623015873015873,0.49603174603174605,0.5178571428571428,0.5595238095238095,0.5024000000000001,0.5456,0.5696,0.6282467532467532,0.0,0.0,0.0,0.0,0.0,0.0
0.5081958851425559,0.02286256890723122,0.4927681752590844,True,2004-03-05 11:05:53,0.373015873015873,0.39484126984126977,0.41865079365079366,0.45039682539682535,0.4841269841269842,0.5059523809523809,0.5476190476190476,0.5024000000000001,0.5456,0.5696,0.6282467532467532,0.0,0.0,0.0,0.0,0.0,0.0
0.5079411882535863,0.022961869276968652,0.48465129214220126,False,2004-03-05 11:41:42,0.35912698412698413,0.3829365079365079,0.4067460317460318,0.4384920634920635,0.4702380952380953,0.49404761904761907,0.5337301587301587,0.5024000000000001,0.5456,0.5696,0.6282467532467532,0.0,0.0,0.0,0.0,0.0,0.0
0.5071331810385791,0.023056183340862003,0.47617365866456773,False,2004-03-05 12:08:58,0.34722222222222227,0.369047619047619,0.3908730158730159,0.42460317460317465,0.4563492063492064,0.4821428571428571,0.5218253968253967,0.5024000000000001,0.5456,0.5696,0.6282467532467532,0.0,0.0,0.0,0.0,0.0,0.0
0.5058818499464536,0.023004597617155353,0.4669745244654335,False,2004-03-05 14:13:25,0.32936507936507936,0.35317460317460314,0.376984126984127,0.4126984126984127,0.4444444444444444,0.46825396825396826,0.5059523809523809,0.5024000000000001,0.5456,0.5696,0.6282467532467532,0.0,0.0,0.0,0.0,0.0,0.0
0.5042939614723161,0.022895012967623585,0.4641840140535793,False,2004-03-05 14:50:55,0.31547619047619047,0.3412698412698412,0.36507936507936506,0.39880952380952384,0.4285714285714286,0.45238095238095233,0.4900793650793651,0.5264,0.5728,0.5968,0.6183574879227053,0.0,0.0,0.0,0.0,0.0,0.0
0.5025866899990961,0.022638135673715722,0.48198940685897207,True,2004-03-05 15:25:35,0.343035343035343,0.36798336798336795,0.3929313929313929,0.42619542619542616,0.4573804573804574,0.4823284823284823,0.5176715176715176,0.5264,0.5728,0.5968,0.6183574879227053,0.0,0.0,0.0,0.0,0.0,0.0
0.5017590856802466,0.022619606835900908,0.47802040288996805,False,2004-03-05 15:45:12,0.33887733887733884,0.3617463617463617,0.38877338877338874,0.4199584199584199,0.44906444906444903,0.474012474012474,0.5114345114345114,0.5264,0.5728,0.5968,0.6183574879227053,0.0,0.0,0.0,0.0,0.0,0.0
0.5006656210955369,0.022418352449492376,0.49958816078404183,True,2004-03-05 15:49:53,0.3618421052631579,0.3837719298245613,0.40789473684210525,0.4407894736842105,0.46929824561403505,0.49561403508771934,0.5307017543859649,0.5568,0.6032,0.6272,0.6183574879227053,0.0,0.0,0.0,0.0,0.0,0.0
0.5007260257780806,0.022411297915207615,0.5104081748068018,True,2004-03-05 16:08:49,0.35964912280701755,0.381578947368421,0.40789473684210525,0.4407894736842105,0.46929824561403505,0.49561403508771934,0.5307017543859649,0.5871999999999999,0.6336,0.6576,0.6505636070853462,0.0,0.0,0.0,0.0,0.0,0.0
0.5007612541358665,0.02242510097563938,0.5100094507238672,True,2004-03-05 16:12:15,0.35964912280701755,0.381578947368421,0.40789473684210525,0.4407894736842105,0.46929824561403505,0.4934210526315789,0.5285087719298245,0.5871999999999999,0.6336,0.6576,0.6505636070853462,0.0,0.0,0.0,0.0,0.0,0.0
0.5005554077788934,0.02229162914097058,0.5092120025579979,True,2004-03-05 17:11:12,0.35964912280701755,0.381578947368421,0.4057017543859649,0.43859649122807015,0.46710526315789475,0.4934210526315789,0.5263157894736843,0.5871999999999999,0.6336,0.6576,0.6505636070853462,0.0,0.0,0.0,0.0,0.0,0.0
0.5001513704581791,0.02194529564743716,0.49296042774303644,True,2004-03-05 17:39:15,0.3388773388773389,0.35966735966735963,0.3846153846153846,0.41787941787941785,0.44282744282744285,0.4698544698544698,0.501039501039501,0.5913461538461539,0.6346153846153846,0.6586538461538461,0.6231884057971014,0.0,0.0,0.0,0.0,0.0,0.0
0.4993078706176437,0.021387871050909255,0.48880242358503223,True,2004-03-05 17:42:47,0.33264033264033266,0.35343035343035345,0.37837837837837834,0.4116424116424116,0.43659043659043656,0.46361746361746364,0.49272349272349275,0.5913461538461539,0.6346153846153846,0.6586538461538461,0.6231884057971014,0.0,0.0,0.0,0.0,0.0,0.0
0.49826412020867594,0.020586670363039156,0.4875929250929251,True,2004-03-05 17:49:24,0.3264033264033264,0.34719334719334716,0.3721413721413721,0.4054054054054054,0.42827442827442824,0.4532224532224532,0.48440748440748443,0.6057692307692307,0.6490384615384615,0.6730769230769231,0.6185897435897436,0.0,0.0,0.0,0.0,0.0,0.0
0.4975804674061207,0.020360877747653838,0.5118006993006993,True,2004-03-08 11:11:39,0.3618421052631579,0.381578947368421,0.4078947368421053,0.44298245614035087,0.46710526315789475,0.49561403508771923,0.5263157894736842,0.6057692307692307,0.6490384615384615,0.6730769230769231,0.6185897435897436,0.0,0.0,0.0,0.0,0.0,0.0
0.4979251128572879,0.020452613874304703,0.5106045270518954,True,2004-03-08 11:33:56,0.35964912280701755,0.3793859649122807,0.4057017543859649,0.44298245614035087,0.4649122807017544,0.4934210526315789,0.5241228070175439,0.6057692307692307,0.6490384615384615,0.6730769230769231,0.6185897435897436,0.0,0.0,0.0,0.0,0.0,0.0
0.4980003803180245,0.020492173730197086,0.509607716844559,True,2004-03-08 11:40:15,0.3574561403508772,0.3771929824561403,0.4035087719298246,0.4407894736842105,0.46271929824561403,0.4934210526315789,0.5241228070175439,0.6057692307692307,0.6490384615384615,0.6730769230769231,0.6185897435897436,0.0,0.0,0.0,0.0,0.0,0.0
0.4977141639917624,0.020226390105394173,0.48060617625835017,True,2004-03-08 11:48:30,0.3201663201663202,0.33887733887733884,0.3638253638253638,0.4012474012474012,0.4241164241164241,0.4532224532224532,0.4844074844074844,0.5877616747181964,0.6296296296296297,0.6537842190016103,0.6296296296296297,0.0,0.0,0.0,0.0,0.0,0.0
0.49658428049013986,0.019561657643929024,0.4753141709663449,False,2004-03-08 12:06:09,0.31185031185031187,0.3305613305613306,0.3555093555093555,0.3908523908523908,0.41580041580041577,0.4449064449064449,0.47817047817047814,0.5877616747181964,0.6296296296296297,0.6537842190016103,0.6296296296296297,0.0,0.0,0.0,0.0,0.0,0.0
0.4950940114281316,0.018242500551729296,0.501668092057108,True,2004-03-08 14:49:01,0.34649122807017546,0.36622807017543857,0.39473684210526316,0.4320175438596491,0.4583333333333333,0.49122807017543857,0.5285087719298245,0.5877616747181964,0.6296296296296297,0.6537842190016103,0.6296296296296297,0.0,0.0,0.0,0.0,0.0,0.0
0.49537544822169655,0.0182332022041708,0.4769134838304799,False,2004-03-08 14:54:07,0.30977130977130973,0.3305613305613305,0.3575883575883576,0.3991683991683992,0.4241164241164241,0.45945945945945943,0.4948024948024948,0.5748792270531401,0.6135265700483092,0.6360708534621577,0.6461038961038961,0.0,0.0,0.0,0.0,0.0,0.0
0.494943611032547,0.018408805962945612,0.5009271031998304,True,2004-03-08 15:31:59,0.34210526315789475,0.36622807017543857,0.39473684210526316,0.4385964912280702,0.46491228070175433,0.5,0.5350877192982456,0.5657051282051282,0.6041666666666667,0.6282051282051282,0.6704545454545454,0.0,0.0,0.0,0.0,0.0,0.0
0.49534795087364586,0.018313515213185163,0.4872478200814033,True,2004-03-08 15:39:33,0.3222453222453222,0.3471933471933472,0.3742203742203742,0.4137214137214137,0.4407484407484408,0.4760914760914761,0.5072765072765073,0.571658615136876,0.6086956521739131,0.6328502415458936,0.6650246305418719,0.0,0.0,0.0,0.0,0.0,0.0
0.4953346067264595,0.01831916856080357,0.47885084612357337,True,2004-03-08 15:41:27,0.30952380952380953,0.3333333333333333,0.3591269841269842,0.39682539682539686,0.42261904761904756,0.45833333333333337,0.48809523809523814,0.577922077922078,0.6152597402597403,0.637987012987013,0.6683333333333333,0.0,0.0,0.0,0.0,0.0,0.0
0.4955939249225366,0.017989255581131465,0.4909420246751582,True,2004-03-08 17:13:03,0.3326403326403326,0.3596673596673597,0.38461538461538464,0.42411642411642414,0.45114345114345117,0.4823284823284823,0.5135135135135136,0.5652173913043479,0.6038647342995169,0.6247987117552335,0.6584564860426929,0.0,0.0,0.0,0.0,0.0,0.0
0.4960564399233505,0.017561328043316806,0.5000529943124437,True,2004-03-08 17:40:10,0.3464912280701754,0.3728070175438596,0.39473684210526316,0.4385964912280702,0.4649122807017544,0.5,0.5307017543859649,0.5652173913043479,0.6038647342995169,0.6247987117552335,0.6584564860426929,0.0,0.0,0.0,0.0,0.0,0.0
0.49656148545712575,0.017304002600089026,0.4988456689424387,True,2004-03-08 17:46:38,0.34265734265734266,0.3706293706293706,0.3962703962703963,0.43822843822843827,0.4638694638694639,0.49650349650349657,0.5268065268065268,0.5652173913043479,0.6038647342995169,0.6247987117552335,0.6584564860426929,0.0,0.0,0.0,0.0,0.0,0.0
0.49644941939772236,0.017270670172706115,0.5009535918626828,True,2004-03-08 17:53:33,0.35664335664335667,0.3822843822843823,0.407925407925408,0.4498834498834499,0.4755244755244756,0.5058275058275058,0.5314685314685315,0.5496794871794871,0.5913461538461539,0.6121794871794872,0.6477272727272727,0.0,0.0,0.0,0.0,0.0,0.0
0.49642865184586393,0.017264616158263982,0.5045651439469622,True,2004-03-08 17:54:09,0.36829836829836826,0.3939393939393939,0.4172494172494173,0.4568764568764569,0.4801864801864802,0.5128205128205128,0.5384615384615384,0.5375999999999999,0.5776,0.6015999999999999,0.6655844155844156,0.0,0.0,0.0,0.0,0.0,0.0
0.49656551758775735,0.01730141154216434,0.517680513425968,False,2004-03-09 10:01:12,0.3752913752913753,0.39860139860139865,0.4242424242424243,0.46386946386946387,0.48717948717948717,0.5221445221445221,0.5477855477855478,0.5648,0.6032,0.6288,0.6785714285714286,0.0,0.0,0.0,0.0,0.0,0.0
0.4972843175262558,0.017416756754352496,0.5227663366936095,False,2004-03-09 10:38:29,0.3822843822843822,0.4055944055944056,0.4335664335664336,0.4731934731934732,0.49417249417249415,0.5291375291375291,0.5571095571095571,0.5648,0.6032,0.6288,0.6785714285714286,0.0,0.0,0.0,0.0,0.0,0.0
0.498735068926371,0.016429878421283385,0.5009838646202281,True,2004-03-09 10:53:43,0.3473193473193473,0.37296037296037293,0.3986013986013986,0.4428904428904429,0.46153846153846156,0.5011655011655012,0.5291375291375291,0.5641025641025641,0.6025641025641025,0.6282051282051282,0.6623376623376623,0.0,0.0,0.0,0.0,0.0,0.0
0.4993021546740375,0.016002828700183616,0.5043744134653225,True,2004-03-09 12:02:44,0.35664335664335667,0.37995337995337997,0.40326340326340326,0.44522144522144524,0.46620046620046623,0.5058275058275059,0.5337995337995338,0.5641025641025641,0.6025641025641025,0.6282051282051282,0.6623376623376623,0.0,0.0,0.0,0.0,0.0,0.0
0.49992508967611776,0.015576246423036596,0.4804343383888839,False,2004-03-09 12:40:42,0.32867132867132864,0.34965034965034963,0.372960372960373,0.4172494172494172,0.44289044289044294,0.48018648018648025,0.5034965034965034,0.548076923076923,0.5865384615384616,0.6105769230769231,0.6444805194805195,0.0,0.0,0.0,0.0,0.0,0.0
0.4995223598536963,0.015812865313960298,0.4848844337480701,True,2004-03-09 13:19:17,0.3356643356643356,0.358974358974359,0.37995337995337997,0.42424242424242425,0.4498834498834499,0.4871794871794872,0.5081585081585082,0.548076923076923,0.5865384615384616,0.6105769230769231,0.6444805194805195,0.0,0.0,0.0,0.0,0.0,0.0
0.49922375195357865,0.015944943073330775,0.4925661459752369,True,2004-03-09 13:35:21,0.34265734265734266,0.36596736596736595,0.38694638694638694,0.43123543123543123,0.45454545454545453,0.4895104895104896,0.5128205128205128,0.5641025641025641,0.6009615384615384,0.625,0.6444805194805195,0.0,0.0,0.0,0.0,0.0,0.0
0.4990328982312546,0.015966364178098075,0.47564042018587477,False,2004-03-09 13:49:21,0.315,0.3375,0.3575,0.405,0.43,0.465,0.4875,0.5641025641025641,0.6009615384615384,0.625,0.6444805194805195,0.0,0.0,0.0,0.0,0.0,0.0
0.498025110806558,0.01582013480722276,0.48579293492336967,True,2004-03-09 14:21:48,0.325,0.35000000000000003,0.37,0.4175,0.44,0.47500000000000003,0.5,0.5753205128205128,0.6121794871794872,0.6378205128205128,0.6409017713365539,0.0,0.0,0.0,0.0,0.0,0.0
0.49758239903863677,0.015846502533934326,0.49511111674155156,True,2004-03-09 14:45:18,0.3375,0.3625,0.38,0.43250000000000005,0.45749999999999996,0.4925,0.5175000000000001,0.5753205128205128,0.6121794871794872,0.6378205128205128,0.6409017713365539,0.0,0.0,0.0,0.0,0.0,0.0
0.49736007094109913,0.015801569371757883,0.5053383894688243,True,2004-03-09 15:11:50,0.34750000000000003,0.3775,0.39749999999999996,0.45000000000000007,0.475,0.51,0.535,0.5753205128205128,0.6121794871794872,0.6378205128205128,0.6409017713365539,0.0,0.0,0.0,0.0,0.0,0.0
0.49741788837370715,0.0158253493094749,0.517081979212414,False,2004-03-09 15:25:31,0.365,0.39499999999999996,0.415,0.4675,0.4925,0.5275000000000001,0.5525,0.5792,0.6144000000000001,0.6384,0.6409017713365539,0.0,0.0,0.0,0.0,0.0,0.0
0.49780129769190695,0.01606310474722955,0.5057713215852134,True,2004-03-09 16:44:32,0.33875338753387535,0.3712737127371274,0.3902439024390244,0.44715447154471544,0.47154471544715443,0.5094850948509485,0.5365853658536586,0.5737179487179487,0.6121794871794871,0.6362179487179487,0.6763285024154589,0.0,0.0,0.0,0.0,0.0,0.0
0.49780223384967265,0.016063567842295512,0.5188287248865192,False,2004-03-09 16:45:48,0.36314363143631434,0.3929539295392954,0.41192411924119243,0.4661246612466125,0.49051490514905155,0.5284552845528455,0.5555555555555556,0.5737179487179487,0.6121794871794871,0.6362179487179487,0.6763285024154589,0.0,0.0,0.0,0.0,0.0,0.0
0.4981436981528445,0.01632333644377737,0.45465574656927205,False,2004-03-10 10:14:24,0.2710027100271003,0.2981029810298103,0.3170731707317074,0.3712737127371274,0.39566395663956644,0.43089430894308944,0.4579945799457995,0.5631999999999999,0.6016,0.6272,0.6672077922077921,0.0,0.0,0.0,0.0,0.0,0.0
0.4965427705367392,0.01658258143777043,0.4674667837705531,False,2004-03-10 10:40:21,0.2899728997289973,0.3170731707317074,0.3360433604336044,0.3929539295392954,0.4173441734417344,0.45257452574525747,0.4769647696476964,0.5631999999999999,0.6016,0.6272,0.6672077922077921,0.0,0.0,0.0,0.0,0.0,0.0
0.4953459713125671,0.016478152093483692,0.44558488783943323,False,2004-03-10 10:57:51,0.27249999999999996,0.2975,0.315,0.375,0.395,0.4325,0.45749999999999996,0.5392,0.576,0.6,0.6412337662337663,0.0,0.0,0.0,0.0,0.0,0.0
0.49406944343640286,0.017761380083465342,0.413362097468142,False,2004-03-10 12:19:07,0.20596205962059624,0.23035230352303526,0.24932249322493227,0.3143631436314363,0.34146341463414637,0.38211382113821135,0.4065040650406504,0.5584,0.5983999999999999,0.6192000000000001,0.6409017713365539,0.0,0.0,0.0,0.0,0.0,0.0
0.49179098999025217,0.020456872394170173,0.42847549225841913,False,2004-03-10 12:21:32,0.21409214092140927,0.24661246612466126,0.2655826558265583,0.33062330623306235,0.3577235772357724,0.40379403794037944,0.4281842818428184,0.5775999999999999,0.616,0.6367999999999999,0.6362179487179488,0.0,0.0,0.0,0.0,0.0,0.0
0.4899964783215808,0.021942892893770903,0.44128652945970015,False,2004-03-10 12:23:27,0.23035230352303526,0.2628726287262873,0.2872628726287263,0.3523035230352304,0.3794037940379404,0.42547425474254746,0.44986449864498645,0.5775999999999999,0.616,0.6367999999999999,0.6362179487179488,0.0,0.0,0.0,0.0,0.0,0.0
0.4886277400664877,0.022787874504010975,0.45861049519586106,False,2004-03-10 12:52:33,0.2520325203252033,0.2845528455284553,0.3089430894308943,0.3739837398373984,0.4010840108401084,0.44986449864498645,0.4742547425474255,0.5817307692307693,0.6185897435897436,0.639423076923077,0.6602564102564102,0.0,0.0,0.0,0.0,0.0,0.0
0.48777864129927806,0.023097468066859368,0.47733020258873915,True,2004-03-10 13:38:17,0.2737127371273713,0.30623306233062336,0.3333333333333333,0.39837398373983746,0.42547425474254746,0.47425474254742545,0.4986449864498645,0.5961538461538461,0.6314102564102564,0.6506410256410257,0.6624,0.0,0.0,0.0,0.0,0.0,0.0
0.48746988184587114,0.023131865189529286,0.4928512668902913,True,2004-03-10 13:46:27,0.2981029810298103,0.33062330623306235,0.3577235772357724,0.4227642276422764,0.44986449864498645,0.4986449864498645,0.5230352303523036,0.5961538461538461,0.6314102564102564,0.6506410256410257,0.6624,0.0,0.0,0.0,0.0,0.0,0.0
0.487633881340833,0.02314036707690227,0.5129883779470206,False,2004-03-10 14:23:45,0.32249322493224936,0.3550135501355014,0.38211382113821135,0.44715447154471544,0.4742547425474255,0.5230352303523035,0.5474254742547425,0.605475040257649,0.6392914653784219,0.6586151368760064,0.6880000000000001,0.0,0.0,0.0,0.0,0.0,0.0
0.488370175726482,0.023348763027593474,0.5285094422485727,False,2004-03-10 14:59:40,0.3468834688346884,0.37940379403794044,0.4065040650406504,0.47154471544715454,0.49864498644986455,0.5474254742547425,0.5718157181571816,0.605475040257649,0.6392914653784219,0.6586151368760064,0.6880000000000001,0.0,0.0,0.0,0.0,0.0,0.0
0.4896008740821449,0.023805836531343008,0.5440305065501249,False,2004-03-10 15:52:58,0.3712737127371274,0.4037940379403795,0.43089430894308944,0.49593495934959353,0.5230352303523035,0.5718157181571817,0.5962059620596206,0.605475040257649,0.6392914653784219,0.6586151368760064,0.6880000000000001,0.0,0.0,0.0,0.0,0.0,0.0
0.4911978039320758,0.024708278579236936,0.566218903063866,False,2004-03-10 16:05:10,0.3956639566395664,0.4281842818428184,0.4552845528455285,0.5203252032520325,0.5474254742547425,0.5934959349593496,0.6178861788617885,0.6247987117552335,0.6586151368760065,0.6763285024154589,0.7103999999999999,0.0,0.0,0.0,0.0,0.0,0.0
0.4928823938561736,0.02680538382307789,0.5829067759741143,False,2004-03-10 17:51:45,0.42005420054200543,0.45257452574525747,0.4796747967479675,0.5420054200542006,0.5691056910569107,0.6151761517615176,0.6395663956639567,0.6328502415458936,0.6650563607085346,0.6827697262479872,0.7131410256410257,0.0,0.0,0.0,0.0,0.0,0.0
0.4949801213178565,0.02952623161535816,0.5980172816068893,False,2004-03-11 10:09:08,0.44173441734417346,0.4742547425474255,0.5013550135501356,0.5636856368563685,0.5907859078590786,0.6368563685636855,0.6612466124661246,0.6376811594202898,0.6666666666666666,0.6827697262479872,0.7211538461538461,0.0,0.0,0.0,0.0,0.0,0.0
0.49694870373431344,0.03286078946293759,0.6186085316399594,False,2004-03-11 10:59:48,0.4634146341463415,0.49593495934959353,0.5230352303523036,0.5826558265582655,0.6097560975609756,0.6531165311653117,0.6775067750677507,0.6672077922077922,0.6931818181818182,0.7094155844155844,0.7294685990338163,0.0,0.0,0.0,0.0,0.0,0.0
0.4991127108709767,0.0369803689074296,0.6277240773408709,False,2004-03-11 11:07:30,0.4823848238482385,0.5121951219512195,0.5392953929539296,0.5989159891598916,0.6260162601626016,0.6612466124661247,0.6856368563685638,0.6672077922077922,0.6931818181818182,0.7094155844155844,0.7294685990338163,0.0,0.0,0.0,0.0,0.0,0.0
0.5014670034033167,0.04111505665955467,0.6415837940319602,False,2004-03-11 11:39:44,0.49864498644986455,0.5284552845528456,0.5555555555555556,0.6070460704607046,0.6341463414634146,0.6693766937669378,0.6937669376693768,0.6880131362889984,0.7142857142857143,0.7257799671592776,0.7423510466988728,0.0,0.0,0.0,0.0,0.0,0.0
0.5041144392327959,0.04555099963481024,0.6480215429803136,False,2004-03-11 11:40:00,0.5178571428571429,0.5416666666666667,0.5654761904761905,0.6160714285714286,0.6398809523809523,0.6755952380952381,0.6964285714285714,0.6880131362889984,0.7142857142857143,0.7257799671592776,0.7471819645732689,0.0,0.0,0.0,0.0,0.0,0.0
0.5072156615375415,0.04976919568046819,0.6672221699395613,False,2004-03-11 11:43:45,0.5386904761904763,0.5625,0.5863095238095238,0.6369047619047619,0.6577380952380952,0.6904761904761905,0.7113095238095238,0.7166666666666667,0.7400000000000001,0.7516666666666667,0.7471819645732689,0.0,0.0,0.0,0.0,0.0,0.0
0.5107840564646321,0.05449311978871503,0.6156889703531017,False,2004-03-11 12:09:24,0.48780487804878053,0.5067750677506775,0.5257452574525745,0.5718157181571816,0.5934959349593496,0.6233062330623306,0.6422764227642276,0.67816091954023,0.6995073891625616,0.7110016420361248,0.7326892109500805,0.0,0.0,0.0,0.0,0.0,0.0
0.5133459773698356,0.05632300518665242,0.5821176947601234,False,2004-03-11 12:13:17,0.4475,0.465,0.485,0.5225,0.545,0.5725,0.5900000000000001,0.6699507389162561,0.6912972085385879,0.7027914614121511,0.7117552334943639,0.0,0.0,0.0,0.0,0.0,0.0
0.5147523172790242,0.05713883395629869,0.5919726247987117,False,2004-03-11 13:40:07,0.46,0.47250000000000003,0.4925,0.53,0.5525,0.575,0.5925,0.6883333333333334,0.7116666666666667,0.7233333333333333,0.7133655394524959,0.0,0.0,0.0,0.0,0.0,0.0
0.5163796792339604,0.05814734279007455,0.6009956492804928,False,2004-03-11 14:21:20,0.4675,0.48,0.5,0.5325,0.555,0.58,0.5975000000000001,0.7045840407470289,0.7249575551782683,0.735144312393888,0.7337662337662337,0.0,0.0,0.0,0.0,0.0,0.0
0.5182074378826791,0.05933003312079568,0.6069299927148362,False,2004-03-11 14:36:43,0.4769647696476965,0.49051490514905155,0.5121951219512195,0.5420054200542006,0.5663956639566397,0.5880758807588076,0.6016260162601627,0.7045840407470289,0.7249575551782683,0.735144312393888,0.7337662337662337,0.0,0.0,0.0,0.0,0.0,0.0
0.5207339142118088,0.06035583223415231,0.570856247857714,True,2004-03-11 15:09:38,0.4375,0.44999999999999996,0.475,0.5025,0.5275,0.5425,0.5575000000000001,0.6706281833616299,0.6910016977928692,0.702886247877759,0.7224025974025975,0.0,0.0,0.0,0.0,0.0,0.0
0.5226447557496363,0.06040000889376593,0.5749471569486232,True,2004-03-11 15:34:25,0.44749999999999995,0.45999999999999996,0.4825,0.5075,0.5325,0.5475,0.56,0.6706281833616299,0.6910016977928692,0.702886247877759,0.7224025974025975,0.0,0.0,0.0,0.0,0.0,0.0
0.5241103370474666,0.06076120111433497,0.5677193914891504,True,2004-03-11 16:15:16,0.43902439024390244,0.44986449864498645,0.47154471544715454,0.49593495934959353,0.5176151761517616,0.5338753387533876,0.5501355013550135,0.6706281833616299,0.6910016977928692,0.702886247877759,0.7224025974025975,0.0,0.0,0.0,0.0,0.0,0.0
0.5259264552006399,0.060680387352295424,0.576095838889988,True,2004-03-11 16:29:19,0.45257452574525747,0.46341463414634154,0.48509485094850957,0.5067750677506775,0.5311653116531165,0.5474254742547426,0.5636856368563686,0.6706281833616299,0.6910016977928692,0.702886247877759,0.7224025974025975,0.0,0.0,0.0,0.0,0.0,0.0
0.527429829914443,0.06097285677152321,0.5581694407125442,True,2004-03-11 16:54:20,0.4226190476190476,0.43452380952380953,0.45833333333333326,0.4821428571428572,0.5029761904761905,0.5178571428571428,0.5357142857142857,0.6649305555555556,0.6840277777777778,0.6961805555555556,0.7405582922824302,0.0,0.0,0.0,0.0,0.0,0.0
0.5288482623270658,0.06084639601099995,0.5292103132655458,True,2004-03-11 17:09:28,0.3654485049833887,0.37541528239202654,0.4019933554817276,0.42524916943521596,0.44850498338870426,0.46179401993355484,0.4817275747508306,0.6875,0.7065972222222222,0.71875,0.7483333333333333,0.0,0.0,0.0,0.0,0.0,0.0
0.5298554516699052,0.060425799673916085,0.5485119811437822,True,2004-03-11 17:34:17,0.3853820598006645,0.39534883720930236,0.42192691029900337,0.4451827242524917,0.47176079734219273,0.48504983388704326,0.504983388704319,0.7083333333333334,0.7256944444444444,0.7378472222222222,0.7521222410865874,0.0,0.0,0.0,0.0,0.0,0.0
0.5310068507992778,0.06022148928835785,0.5053721332902148,True,2004-03-11 17:36:35,0.34523809523809523,0.3541666666666667,0.3779761904761905,0.40178571428571425,0.42857142857142855,0.44047619047619047,0.46130952380952384,0.6631944444444444,0.6805555555555556,0.6944444444444444,0.7113752122241087,0.0,0.0,0.0,0.0,0.0,0.0
0.5311132335788332,0.060171391915255314,0.5158632424051016,True,2004-03-12 10:14:21,0.35714285714285715,0.37202380952380953,0.39583333333333337,0.4196428571428571,0.4464285714285714,0.45833333333333337,0.47916666666666663,0.6524064171122995,0.6720142602495545,0.6880570409982175,0.733446519524618,0.0,0.0,0.0,0.0,0.0,0.0
0.5314535850480865,0.060035888399867364,0.49648250800689825,True,2004-03-12 10:28:47,0.33062330623306235,0.34688346883468835,0.3712737127371274,0.3929539295392954,0.42005420054200543,0.4390243902439025,0.45799457994579945,0.640625,0.6614583333333334,0.6770833333333334,0.7233333333333333,0.0,0.0,0.0,0.0,0.0,0.0
0.5313641633709708,0.06008456068431567,0.49978147850558946,True,2004-03-12 10:39:25,0.3414634146341463,0.35772357723577236,0.3821138211382114,0.40379403794037944,0.4281842818428184,0.44986449864498645,0.4715447154471545,0.6274509803921569,0.6506238859180036,0.6666666666666666,0.7181663837011885,0.0,0.0,0.0,0.0,0.0,0.0
0.5312684900621434,0.060130947523463665,0.48312097372589186,True,2004-03-12 11:33:41,0.3325,0.34750000000000003,0.375,0.3975,0.425,0.44749999999999995,0.46749999999999997,0.590017825311943,0.6131907308377896,0.6310160427807487,0.6876061120543294,0.0,0.0,0.0,0.0,0.0,0.0
0.5305772992681418,0.060480774711981954,0.48099895136322773,True,2004-03-12 12:26:15,0.34,0.355,0.3825,0.4025,0.43,0.45249999999999996,0.4725,0.5661764705882353,0.5919117647058824,0.6102941176470588,0.6876061120543294,0.0,0.0,0.0,0.0,0.0,0.0
0.5297419515615343,0.06087007748363214,0.4499284906586208,False,2004-03-12 13:26:13,0.29268292682926833,0.30352303523035234,0.33333333333333337,0.3523035230352304,0.37940379403794044,0.4037940379403794,0.4281842818428184,0.5661764705882353,0.5919117647058824,0.6102941176470588,0.6876061120543294,0.0,0.0,0.0,0.0,0.0,0.0
0.528720844082302,0.061765580155251354,0.4639516608207311,False,2004-03-12 13:36:34,0.3008130081300813,0.31165311653116534,0.34146341463414637,0.3577235772357724,0.38753387533875344,0.41463414634146345,0.44173441734417346,0.5882352941176471,0.6158088235294117,0.6341911764705882,0.7096774193548387,0.0,0.0,0.0,0.0,0.0,0.0
0.5279123890294103,0.06234083140826649,0.4223751817442519,False,2004-03-12 14:35:34,0.22916666666666669,0.23809523809523808,0.27380952380952384,0.29166666666666663,0.3244047619047619,0.3571428571428571,0.3839285714285714,0.5882352941176471,0.6158088235294117,0.6341911764705882,0.7096774193548387,0.0,0.0,0.0,0.0,0.0,0.0
0.5267512058965176,0.06373938853632276,0.4274485930735931,False,2004-03-12 15:07:02,0.23809523809523808,0.25297619047619047,0.28869047619047616,0.30952380952380953,0.34226190476190477,0.375,0.4017857142857143,0.5695238095238095,0.6000000000000001,0.6209523809523809,0.703125,0.0,0.0,0.0,0.0,0.0,0.0
0.525602489083028,0.06498887402266108,0.41410427807486627,False,2004-03-12 15:19:27,0.22222222222222227,0.23577235772357724,0.27371273712737126,0.29268292682926833,0.32791327913279134,0.3658536585365854,0.3929539295392954,0.5643382352941176,0.5919117647058824,0.6176470588235294,0.6701388888888888,0.0,0.0,0.0,0.0,0.0,0.0
0.5240332517250206,0.06669258026714249,0.4195243322754083,False,2004-03-12 16:09:23,0.22764227642276424,0.24119241192411925,0.2791327913279133,0.3008130081300813,0.33604336043360433,0.3794037940379404,0.4065040650406504,0.5643382352941176,0.5919117647058824,0.6176470588235294,0.6701388888888888,0.0,0.0,0.0,0.0,0.0,0.0
0.5229109299668113,0.06795767519981301,0.42649273483498074,False,2004-03-12 16:11:29,0.235,0.24999999999999997,0.29,0.31749999999999995,0.3524999999999999,0.39749999999999996,0.4275,0.5668449197860963,0.5953654188948306,0.6203208556149732,0.6388888888888888,0.0,0.0,0.0,0.0,0.0,0.0
0.5217249259650436,0.06910291939563601,0.4324293739534381,False,2004-03-12 16:23:16,0.24,0.255,0.295,0.3225,0.3575,0.40249999999999997,0.43249999999999994,0.5775401069518716,0.6060606060606061,0.6292335115864527,0.6388888888888888,0.0,0.0,0.0,0.0,0.0,0.0
0.5204712911092814,0.07013522570008343,0.4356111921352563,False,2004-03-12 17:43:44,0.245,0.26,0.3,0.32749999999999996,0.36249999999999993,0.40499999999999997,0.44,0.5775401069518716,0.6060606060606061,0.6292335115864527,0.6388888888888888,0.0,0.0,0.0,0.0,0.0,0.0
0.5190767471626099,0.07110871792473042,0.4388640077243018,False,2004-03-12 17:56:29,0.25,0.265,0.305,0.32999999999999996,0.36999999999999994,0.4125,0.45249999999999996,0.5643382352941176,0.59375,0.6194852941176471,0.6649305555555556,0.0,0.0,0.0,0.0,0.0,0.0
0.5175123877328476,0.0719903093051686,0.4452276440879381,False,2004-03-15 10:33:50,0.25499999999999995,0.27249999999999996,0.3125,0.33999999999999997,0.38249999999999995,0.42499999999999993,0.46749999999999997,0.5643382352941176,0.59375,0.6194852941176471,0.6649305555555556,0.0,0.0,0.0,0.0,0.0,0.0
0.5163015141829022,0.072683444123751,0.44309105555763306,False,2004-03-15 10:38:16,0.2494172494172494,0.2727272727272727,0.3146853146853147,0.3426573426573426,0.3822843822843823,0.4312354312354312,0.4755244755244755,0.5614973262032086,0.5918003565062389,0.6167557932263814,0.6354166666666667,0.0,0.0,0.0,0.0,0.0,0.0
0.5147867607963245,0.07340065572617127,0.407088194782045,False,2004-03-15 10:49:50,0.1875,0.2125,0.255,0.285,0.3275,0.37749999999999995,0.4275,0.5614973262032086,0.5918003565062389,0.6167557932263814,0.6354166666666667,0.0,0.0,0.0,0.0,0.0,0.0
0.5138354097605798,0.07447426426108464,0.40913364932749957,False,2004-03-15 11:06:11,0.19,0.215,0.25749999999999995,0.285,0.32999999999999996,0.38249999999999995,0.435,0.5614973262032086,0.5918003565062389,0.6167557932263814,0.6354166666666667,0.0,0.0,0.0,0.0,0.0,0.0
0.5126687470717188,0.07563929612729056,0.3635423706874405,False,2004-03-15 11:28:35,0.1056910569105691,0.13279132791327913,0.1788617886178862,0.21138211382113822,0.26287262872628725,0.3224932249322493,0.3794037940379404,0.5614973262032086,0.5918003565062389,0.6167557932263814,0.6354166666666667,0.0,0.0,0.0,0.0,0.0,0.0
0.511027896728679,0.07793188928842841,0.37674898458450296,False,2004-03-15 12:18:00,0.1225,0.1525,0.2,0.24,0.295,0.355,0.41750000000000004,0.5418894830659536,0.5739750445632799,0.6007130124777184,0.6451612903225806,0.0,0.0,0.0,0.0,0.0,0.0
0.5102956344710061,0.07901067977228352,0.3721651966080459,False,2004-03-15 12:49:18,0.1225,0.1525,0.2,0.24,0.295,0.355,0.41750000000000004,0.5183823529411765,0.5533088235294118,0.5808823529411765,0.6587436332767402,0.0,0.0,0.0,0.0,0.0,0.0
0.5091694285579986,0.08055512908667169,0.40379483784874953,False,2004-03-15 13:12:38,0.16783216783216784,0.20046620046620048,0.24941724941724946,0.289044289044289,0.3473193473193473,0.40326340326340326,0.46153846153846145,0.5311942959001783,0.5632798573975044,0.5900178253119429,0.6383701188455008,0.0,0.0,0.0,0.0,0.0,0.0
0.5084195947257796,0.08135404660456319,0.4329264641915922,True,2004-03-15 13:36:09,0.22807017543859648,0.25877192982456143,0.3048245614035088,0.3421052631578947,0.3991228070175439,0.45175438596491224,0.5087719298245614,0.5115864527629234,0.5418894830659536,0.5686274509803921,0.6466666666666666,0.0,0.0,0.0,0.0,0.0,0.0
0.5079059141056943,0.08174706330135291,0.4329264641915922,True,2004-03-15 14:26:51,0.22807017543859648,0.25877192982456143,0.3048245614035088,0.3421052631578947,0.3991228070175439,0.45175438596491224,0.5087719298245614,0.5115864527629234,0.5418894830659536,0.5686274509803921,0.6466666666666666,0.0,0.0,0.0,0.0,0.0,0.0
0.5070178393377514,0.0823136353048206,0.4221834531775359,False,2004-03-15 14:33:33,0.22807017543859648,0.25877192982456143,0.3048245614035088,0.3421052631578947,0.3991228070175439,0.45175438596491224,0.5109649122807017,0.4779411764705882,0.5073529411764706,0.5349264705882353,0.6281833616298812,0.0,0.0,0.0,0.0,0.0,0.0
0.5056044830634963,0.08314722248603654,0.4229809013434051,True,2004-03-15 15:41:44,0.22807017543859648,0.25877192982456143,0.3048245614035088,0.3442982456140351,0.4013157894736842,0.45394736842105265,0.5131578947368421,0.4779411764705882,0.5073529411764706,0.5349264705882353,0.6281833616298812,0.0,0.0,0.0,0.0,0.0,0.0
0.503804333531424,0.08393844623208577,0.46004036896785405,True,2004-03-15 16:31:25,0.28274428274428276,0.3118503118503118,0.35550935550935553,0.39708939708939706,0.4511434511434511,0.503118503118503,0.5613305613305613,0.500891265597148,0.5294117647058824,0.5561497326203209,0.6112054329371817,0.0,0.0,0.0,0.0,0.0,0.0
0.5024349520658096,0.08408261648052044,0.4594733684008535,True,2004-03-15 16:40:15,0.28274428274428276,0.3118503118503118,0.35550935550935553,0.39708939708939706,0.4511434511434511,0.501039501039501,0.5571725571725572,0.500891265597148,0.5294117647058824,0.5561497326203209,0.6112054329371817,0.0,0.0,0.0,0.0,0.0,0.0
0.5007438093028241,0.0840793469332889,0.46138747084789955,True,2004-03-15 16:47:02,0.28274428274428276,0.3118503118503118,0.35550935550935553,0.395010395010395,0.44698544698544695,0.49688149688149685,0.5550935550935551,0.5098039215686274,0.5383244206773619,0.5650623885918004,0.6179966044142614,0.0,0.0,0.0,0.0,0.0,0.0
0.49864718065850483,0.08372681409517148,0.4599710805426046,True,2004-03-15 16:55:12,0.2785862785862786,0.30769230769230765,0.35135135135135137,0.3929313929313929,0.44698544698544695,0.49688149688149685,0.5550935550935551,0.518716577540107,0.5472370766488414,0.5721925133689839,0.5920138888888888,0.0,0.0,0.0,0.0,0.0,0.0
0.49618846674987466,0.08301841573284455,0.4587095228806459,True,2004-03-15 17:35:55,0.2765072765072765,0.30769230769230765,0.35135135135135137,0.3929313929313929,0.4449064449064449,0.4948024948024948,0.5530145530145529,0.5258467023172906,0.554367201426025,0.5811051693404634,0.5632798573975044,0.0,0.0,0.0,0.0,0.0,0.0
0.4934023115753498,0.08188410080169564,0.4769122180552662,True,2004-03-15 17:47:04,0.31547619047619047,0.34523809523809523,0.3869047619047619,0.4265873015873016,0.4781746031746032,0.5198412698412698,0.5773809523809523,0.5080213903743316,0.536541889483066,0.5650623885918004,0.5868055555555556,0.0,0.0,0.0,0.0,0.0,0.0
0.4905683853036559,0.0799304781595702,0.467713083856132,True,2004-03-16 10:07:47,0.30753968253968256,0.3333333333333333,0.373015873015873,0.4107142857142857,0.45833333333333337,0.503968253968254,0.5615079365079365,0.5080213903743316,0.536541889483066,0.5650623885918004,0.5868055555555556,0.0,0.0,0.0,0.0,0.0,0.0
0.4873681654339611,0.07754259184812005,0.4474259400729989,True,2004-03-16 10:37:43,0.29365079365079366,0.31746031746031744,0.35317460317460314,0.3948412698412699,0.4424603174603175,0.48412698412698413,0.5436507936507937,0.4724264705882353,0.5018382352941176,0.53125,0.5868055555555556,0.0,0.0,0.0,0.0,0.0,0.0
0.4834850083547819,0.07452538538565738,0.4358819285289874,True,2004-03-16 11:20:00,0.2777777777777778,0.2996031746031746,0.3333333333333333,0.376984126984127,0.42460317460317465,0.4662698412698413,0.5238095238095238,0.4724264705882353,0.5018382352941176,0.53125,0.5868055555555556,0.0,0.0,0.0,0.0,0.0,0.0
0.47924221606575546,0.07099230535853429,0.42325566590272473,True,2004-03-16 12:12:42,0.25793650793650796,0.28174603174603174,0.31547619047619047,0.35714285714285715,0.4027777777777778,0.4444444444444444,0.5039682539682541,0.4724264705882353,0.5018382352941176,0.53125,0.5868055555555556,0.0,0.0,0.0,0.0,0.0,0.0
0.4743628859850187,0.06612155603808625,0.43836818101523983,True,2004-03-16 12:38:45,0.2765072765072765,0.3014553014553014,0.3367983367983368,0.3804573804573804,0.4282744282744283,0.4719334719334719,0.5343035343035343,0.4724264705882353,0.5018382352941176,0.53125,0.5868055555555556,0.0,0.0,0.0,0.0,0.0,0.0
0.47081647019826145,0.06313425568759132,0.44499562185320696,True,2004-03-16 12:54:44,0.29385964912280704,0.3157894736842105,0.34649122807017546,0.39254385964912286,0.4407894736842105,0.4758771929824561,0.537280701754386,0.4724264705882353,0.5018382352941176,0.53125,0.5868055555555556,0.0,0.0,0.0,0.0,0.0,0.0
0.46807402874012305,0.06118813878915265,0.46323697510790657,True,2004-03-16 13:33:38,0.3097713097713098,0.3347193347193347,0.36590436590436587,0.4116424116424116,0.4615384615384615,0.49688149688149685,0.5509355509355509,0.49019607843137253,0.5204991087344029,0.550802139037433,0.6027164685908319,0.0,0.0,0.0,0.0,0.0,0.0
0.46549931574630693,0.05857311568570613,0.4613483002214016,True,2004-03-16 15:34:08,0.3035343035343035,0.3284823284823285,0.35966735966735963,0.4012474012474012,0.4511434511434511,0.4844074844074844,0.5363825363825363,0.4991087344028521,0.5329768270944741,0.5632798573975044,0.6146010186757216,0.0,0.0,0.0,0.0,0.0,0.0
0.46270636876512516,0.055282626736299675,0.45679821572070745,True,2004-03-16 15:42:00,0.2931392931392931,0.316008316008316,0.34511434511434513,0.38669438669438666,0.43659043659043656,0.4698544698544698,0.5218295218295218,0.5098039215686274,0.5436720142602496,0.572192513368984,0.629881154499151,0.0,0.0,0.0,0.0,0.0,0.0
0.4597037332252426,0.05130148194763814,0.467011686460494,True,2004-03-16 15:43:29,0.31140350877192985,0.33114035087719296,0.3640350877192982,0.4057017543859649,0.45394736842105265,0.4846491228070175,0.5307017543859649,0.5098039215686274,0.5436720142602496,0.572192513368984,0.629881154499151,0.0,0.0,0.0,0.0,0.0,0.0
,,,True,2004-03-16 15:44:29,,,,,,,,,,,,,,,,,
